From,To
Mr. Waltham,Ross
Carl (Rachel's date),Rachel
Malcolm,David
The Chick and The Duck,Monica
Frances,Chandler
Emilio,Monica
Cookie,Joey
Amy Greene,Sandra Greene
Mike Hannigan,Eric
Tommy,Chandler
Alan Lewis,Howard
Nancy (realtor),Chandler
Aunt Lillian,Eric
Unnamed Season 7 Characters,Joey
Marcel,Monica
Bonnie,Monica
Nurse Sizemore,Chandler
Paul Stevens,Charles Bing
Mrs. Buffay (Frank Sr.'s second wife),Schnoodle
Estelle Leonard,Phoebe
Ben Geller,Cookie
Uncle Dan,Monica
Aaron Goralnik,Rachel
Erin,Rachel
Molly,Rachel
Tom,Ross
Albert,Chandler
Grandma Geller,Jack Geller
Parker,David
Dr. Long,Rachel
Steve (drug addict),Doug
Althea's husband,Jack Geller
Angela Delveccio,Joey
Bill,Chandler
The Waiter,Joey
Sandra Greene's father,Rachel
Melissa Warburton,Monica
Ashley Tribbiani,Joey
Cheryl,Ross
Steven Fisher,Monica
Jack Geller,Richard Burke
Kathy,Joey
Dr. Gettleman,Ross
Janice Litman-Goralnik,Mr. Heckles
Isabella Rossellini,Ross
Margha,Chandler
Carol Willick,Judy Geller
Laura,Maria
Catherine,Judy Geller
Cousin Frannie,Emily Waltham
Mitzi,Rachel
Bitsy Hannigan,Monica
Emily Waltham,Stephen Waltham
Katie (saleswoman),Katie
Emma Geller-Greene,Sandra Greene
Mike Hannigan,Ursula Buffay
Arthur,Carl (bully)
Uncle Murray,Carol Willick
Josh,Monica
Richard Burke,Rachel
Owen,Ross
Marc Coreger,Rachel
Mike Hannigan's sister,Phoebe
Ms. McKenna,Chandler
Ben Geller,Eric
Cassie,Jack Geller
Sid Goralnik,Rachel
Bob (Chandler's coworker),Chandler
Frank Jr. Jr.,Chandler
Dina,Bob
Robert,Phoebe
Shovelly Joe,Chandler
Cathy,Jean-Claude Van Damme
Frank Buffay Jr.,Leslie
Dr. Gettleman,Monica
Ms. Stevens,Stevens siblings' mother
Roger,Phoebe
Aunt Sylvia,Ross
Uncle Sal,Joey Tribbiani Sr.
Joshua Burgin,Rachel
Doug,Chandler
Luisa Gianetti,Ross
Nancy,Nancy (realtor)
Nonna,Mary-Therese Tribbiani
Dina,Gina Tribbiani
Grandma Geller,Erica
Kara,Chandler
Paula,Jen
Arthur,Chandler
Felicity,Joey
Althea,Ben Geller
Gunther,Emma Geller-Greene
Jack Geller,Eric
Mrs. Tedlock,Chandler
Terry (casting director),Michael
Robert,Monica
Steve (drug addict),Sandra Greene
Frances,Frank Buffay Sr.
Joshua Burgin's nephew,Rachel
Sergei,Monica
"Todd, the Hombre Man",Annabel
Young Ethan,Aurora
Bobby Corso,Joey
Leonard Greene,Rachel
Chloe,Ross
The Triplets,Chandler
Unnamed characters,Unnamed Season 1 Characters
Emily Waltham,Jack Geller
Mrs Adelman,Susan Bunch
Gary Litman,Joey
Tim,Rachel
Barry Farber,Monica
Donny Osmond,Mary
Max,Phoebe
Mr. Zelner,Ross
Gina Tribbiani,Mary
Janine Lecroix,Chandler
Brown Bird Troop Leader,Ross
Unnamed Season 1 Characters,Fake Monica
Emily Waltham,Kip
Mrs. Stevens,Stevens siblings' mother
Chick Jr. & Duck Jr.,Phoebe
Dina,Nonna
Jen,Ross
Gene Lester,Joey
Dr. Baldharan,Joey
Michelle,Rachel
Unidentified Phoebe Buffay fan,Ursula Buffay
Dina,Michael
Steve Cera,Howard
Randall,Joey
Jean-Claude Van Damme,Monica
Althea,Ross
Erica Bing,Ross
Michelle Burke,Tim
Cathy,Kathy
Charlton Heston,Joey
Sally,Ross
Jill Greene,Ross
Mrs Adelman,Carol Willick
Uncle Murray,Rachel
Dina,Gloria Tribbiani
Isabella Rossellini,Catherine
Kim,Joanna
Megan Bailey,Monica
Leslie Buffay,Lily Buffay
Emily Waltham's cousin,Stephen Waltham
The Thief,Joey
Elizabeth Stevens,Stevens siblings' father
Will Colbert,Chandler
Chick Jr. & Duck Jr.,Monica
Gavin,Ross
Mary-Therese Tribbiani,Joey
Joey Tribbiani Sr.,Jen
Aunt Iris,Rachel
Frank Buffay Sr.,Leslie
Paul the Wine Guy,Phoebe
Frank Buffay Jr.,Mrs. Buffay (Frank Sr.'s second wife)
Celia,Marcel
Tribbiani Sisters,Chandler
Don,Monica
"Roy ""Goodbody""",Roy Gublik
Richard Burke,Tim
Benjamin Hobart,Charlie Wheeler
Marc Coreger,Tim
Mona,Phoebe
Jen,Monica
Annabel,Joey
Joey Tribbiani Sr.,Nonna
Dana Keystone,Joey
Carlos,Monica
Parker,Chandler
"Roy ""Goodbody""",Monica
The accountant,Rachel
Tilly,Chandler
Dr. Roger,Monica
Jack Geller,Judy Geller
Charles Bing,Ross
Eric (photographer),Joey
Aunt Lisa,Emma Geller-Greene
Nancy,Monica
Althea,Monica
Krista,Rachel
The Triplets,Frank Jr. Jr.
Dr. Ledbetter,Monica
Mona,Elizabeth Stevens
Mona,Emily Waltham
Gunther,Ross
Jim Nelson,Phoebe
Aunt Lillian,Emma Geller-Greene
Eddie Menuek,Michael
Frank Jr. Jr.,Frank Buffay Sr.
Aunt Cheryl,Monica
Judy Geller,Phoebe
Cecilia Monroe,Dina
Mitzi,Nurse Sizemore
Tony (Allesandro's employee),Allesandro
Melanie,Monica
Timothy Burke,Tim
The Housekeeper,Ross
Frank Buffay Jr.,Rachel
Hillary,Monica
Terry,Max
Gina Tribbiani,Joey
The Kids,Eric
Gloria Tribbiani,Joey
Joanne,Leslie
Nonnie,Joey
Clifford Burnett,Phoebe
Eric,Eric (photographer)
The Handyman,Tim
Colleen,Monica
Frank Jr. Jr.,Leslie Buffay
Mrs. Stevens,Ms. Stevens
Mr. Heckles,Larry
Emily Waltham,Joey
Maureen,Monica
Tomas,Tim
Roy Gublik,Michael
Hootie and the Blowfish,Steven Fisher
Isabella Rossellini,Gary
Sonya,Alan
The Chick and The Duck,Chandler
Dr. Schiff,Ross
Nora Tyler Bing,Ross
Hayley,Gunther
The Triplets,Frank Buffay Sr.
Carol Willick,Ross
Tommy,Joey
Aunt Lillian,Ben Geller
Frank Buffay Sr.,Mrs. Buffay (Frank Sr.'s second wife)
Michelle Burke,Richard Burke
Amy Greene,Phoebe
Ida Greene,Jill Greene
Steve (drug addict),Estelle Leonard
Mr. Heckles,Eric (photographer)
Tim (Season 3),Rachel
Ethan,Chandler
Aunt Lillian,Don
Tomas,Bill
Mrs. Robinson,Robinson Twins
Stuart,Eric
Terry (casting director),Rachel
Joshua Burgin,Mrs. Burgin
Phoebe Abbott,Rachel
Cousin Frannie,Erica Bing
Marcel,Chandler
Ben Geller,Emma Geller-Greene
Bonnie,Chandler
Larry,Ross
Tom,Rachel
Mrs. Burgin,Josh
Jarvis Oberblau,Nancy Oberblau
Sandra Greene,Susan Bunch
Dr. Gettleman,Dr. Gettleman's daughter
Mr. Heckles,Rachel
Russ,Ross
Maria,Chandler
Unnamed Season 1 Characters,Rachel
Julie,Ross
Joshua Burgin's nephew,Mrs. Burgin
Mike Hannigan,Ross
Gavin,Gavin Mitchell
Chandler Buffay,Phoebe
Nancy,Kim
Aunt Lillian,Ross
Mike Hannigan,Stu
Dr. Baldharan,Marcel
Emily Waltham,Josh
Judy Geller,Aunt Phylis
Silvia,Phoebe
Steven Fisher,Chandler
Dave,Monica
Sandra Greene,Carol Willick
Unnamed Season 7 Characters,Monica
Russ,Lauren
Trudie Styler,Ben Geller
Pizza Guy,Rachel
Kathy,Phoebe
Mary-Angela,Chandler
Aunt Millie,Erica Bing
Gavin,Carol Willick
Mark Robinson,Rachel
Parker,Jack Geller
The next next Martin Scorsese,Joey
Julie,Lauren
Aurora,Ethan
Tribbiani Sisters,Mary
Elizabeth Stevens,Ross
Danielle,Chandler
Cousin Frannie,Chandler
Molly,Joey
Ben Geller,Don
Gary,Michael
Charla Nichols,Sarah
Elizabeth Stevens,Stu
Mary,Mike Hannigan
Mary-Angela,Tribbiani Sisters
Mr. Wheeler,Ross
Timmy,Monica
Emma Geller-Greene,Stu
Amy Greene,Erin
Amy Greene,Jen
Tilly,Mary
Cookie,Mary-Angela
Angela Delveccio,Monica
Guru Saj,Don
Devon,Ross
Luisa Gianetti,Rachel
Mike Hannigan,Chandler Buffay
Sarah Tuttle,Chandler
Sandra Greene,Sandra Greene's father
David,The Zoo Employee
Andrea Waltham,Mr. Waltham
Fun Bobby,Monica
Unnamed Season 7 Characters,Jason
Tom,Dan
Tina,Joey
Julie Graff,Monica
Nurse Sizemore,George Stephanopoulos
Alice Knight,Phoebe
Joanne,Rachel
Mr. Waltham,Stephen Waltham
Nancy (Bloomingdale's Employee),Hillary
Alan Lewis,Joey
Hootie and the Blowfish,Joey
Steve (drug addict),Phoebe
Barbara Burke,Tim
Ben Geller,Ross
Dina,Joey Tribbiani Sr.
Mischa,Phoebe
Tim (Season 3),Tim
Nina Bookbinder,Jen
Ben Geller,Stu
Paul Stevens,Stevens siblings' father
Robert,Chandler
Unnamed Season 7 Characters,Peter
Janine Lecroix,Joey
Mr. Zelner,Rachel
Ida Greene,Sandra Greene
Brown Bird Troop Leader,Rachel
Mr. Waltham,Joanna
Paolo,Julie
Cassie,Emma Geller-Greene
Amanda Buffamonteezi,Ross
Tim (Season 3),Bill
Mr. Zelner,Ross Zelner
Missy Goldberg,Ross
Alan,Ross
Jack Geller,Ross
Ryan,Ben Geller
Felicity,Emily Waltham
Carl (actor),Tony
Missy Goldberg,Stu
Erica Bing,Rachel
Roy Gublik,Rachel
Jeanine,Julio (poet)
Jill Greene,Rachel
Mary Ellen Jenkins,Mary
Sandra Greene,Rachel
Mr. Treeger,Phoebe
Rick (Aurora's husband),Aurora
Trudie Styler,Monica
Max,Wayne
Aunt Cheryl,Erica Bing
Mike Hannigan,Leslie
Nervous male passenger,Ross
The Housekeeper,Andrea Waltham
Gavin,Rachel
Michelle,Eric
Unnamed Season 7 Characters,Kim
Jason,Ross
Mackenzie,Joey
Leslie,Leslie Buffay
Megan Bailey,Chandler
Emily Waltham,Emily Waltham's second husband
Uncle Murray,Erica
Amanda (Monica And Chandler's wedding),Ross
The Kids,Emma Geller-Greene
Bobby Corso,Monica
Joshua Burgin's ex-wife,Joshua Burgin's nephew
Chick Jr. & Duck Jr.,Chandler
Leonard Greene,Joey
Kip,Ross
Timmy,Tom
George Stephanopoulos,Robert
Unnamed Season 7 Characters,Jeffrey
George Stephanopoulos,Bill
Richard Burke,Judy Geller
Terry,Rachel
Richard Darnville,Rachel
Leslie Buffay,Ursula Buffay
Amanda Buffamonteezi,Monica
Lydia,Joey
Jake,Monica
Don,Chandler
Julio (cat),Ross
Bitsy Hannigan,Mike Hannigan's sister
Charles Bing,Rachel
Jack Geller,Monica
Erica Bing,Charles Bing
Kate Miller,Dina
Nancy (Bloomingdale's Employee),Nancy
Angela Delveccio,Kim
Mrs. Buffay (Frank Sr.'s second wife),Ursula Buffay
Susan Bunch,Ross
Dr. Baldharan,Monica
Gunther,Rachel
Gina Tribbiani,Nonnie
Gloria Tribbiani,Nonnie
David,Don
Jasmine,Chloe
Andrea Waltham,Jen
Caroline Duffy,Ben Geller
Nancy Branson,Nancy
Dr. Roger,Chandler
Howard,Joey
Nancy,Chandler
Paul the Wine Guy,Chandler
Dr. Ledbetter,Chandler
Stuart,Emma Geller-Greene
Muriel,Emma Geller-Greene
Emily Waltham,Liam
Aunt Cheryl,Chandler
Barbara Burke,Richard Burke
Mary-Angela,Mary
Mona,Chandler
Buddy Doyle,Mr. Heckles
Kip,Monica
Aunt Iris,Joey
Erica,Eric
"Mike ""Gandalf"" Ganderson",Ross
Frank Buffay Sr.,Duncan
Mrs. Bunch,Susan Bunch
Joey Tribbiani Sr.,Robert
Dick Clark,Monica
Emma Geller-Greene,Carol Willick
Sandra Greene,Mona
Janice Litman-Goralnik,Rachel
Gary,Rachel
Marie,Tony (Allesandro's employee)
Ryan,Monica
David,Dr. Baldharan
Mary-Therese Tribbiani,Walter
Peter,Chandler
Colleen,Chandler
Mike Hannigan,Mrs. Buffay (Frank Sr.'s second wife)
The Chick and The Duck,Joey
Nora Tyler Bing,Rachel
Caroline Duffy,Ross
Carol Willick,Rachel
Maureen,Chandler
"Roy ""Goodbody""",Roy
Mary,Phoebe
Cecilia Monroe,Rachel
Joanne,Joanna
Mary-Therese Tribbiani,Mary-Angela
Mr. Douglas,Nina Bookbinder
Mr. Treeger,Michael
Frances,Phoebe
Rick Sanoven,Dan
Emily Waltham,Phoebe
Althea's husband,Aunt Phylis
The Kids,Ross
Ursula Buffay,Ross
Ben Geller,Carol Willick
Young Ethan,Monica
Aaron Goralnik,Sid Goralnik
Unnamed Season 1 Characters,Nurse
Kate Miller,Lauren
Lily Buffay,Ursula Buffay
Tim,Timmy
Tommy,Phoebe
Gary (neighbor),Monica
Nancy (realtor),Phoebe
David,Monica
Aunt Iris,Judy Geller
Russ,Rachel
Alan Lewis,Kyle
Jarvis Oberblau,Ross
Nonnie,Monica
Paul Stevens,Ross
Aunt Lisa,Rachel
Mr. Waltham,Joey
Mrs Burkart,Monica
Julie,Rachel
Mike Hannigan,Rachel
Cassie,Jen
Uncle Sal,Ben Geller
Chip Matthews,Nancy Branson
Aunt Sylvia,Richard Burke
Frank Buffay Jr.,Ursula Buffay
Sandra Greene's father,Leonard Greene
Ned Morse,Vince
Stuart,Ross
Muriel,Ross
Mark Robinson,Mrs. Robinson
Paolo's cat,Paolo
Stuart,Stu
Joey Tribbiani Sr.,Cookie
Cookie,Chandler
Mary-Angela,Joey
Gloria Tribbiani,Mary-Angela
Mike Hannigan,Mike Hannigan's brother
Mr. Rastatter,Monica
Tina,Nonnie
Elizabeth Stevens,Rachel
Unnamed Season 7 Characters,Chandler
Unidentified Phoebe Buffay fan,Larry
Emma Geller-Greene,Rachel
Precious,Rachel
Aunt Phylis,Ross
Anita Altman,Ross
Nancy,Ralph Lauren
Cookie,Tribbiani Sisters
Rick,Bill
Mr. Wheeler,Rachel
Cousin Frannie,Stuart
Julio (poet),Monica
Aaron Goralnik,Ross
Mr. Heckles,Joey
Dean Lipson,Marcel
Erin,Ross
The Housekeeper,Stephen Waltham
Elizabeth Hornswoggle,Ross
Uncle Sal,Ross
Cheryl,Joey
Kim,Phoebe
Emily Waltham's cousin,Mr. Waltham
Theodore Hannigan,Phoebe
Carl (Rachel's date),Monica
Althea,Aunt Lillian
Isabella Rossellini,Joey
Marie,Tony
Aunt Cheryl,Jack Geller
Frank Jr. Jr.,Phoebe
Janice Litman-Goralnik,Aaron Goralnik
Jade,Bob
Angela Delveccio,Chandler
Mr. Waltham,Josh
Phoebe Abbott,Ursula Buffay
Molly,Phoebe
Frank Buffay Sr.,Joey
Charlie Wheeler,Phoebe
Rick (Aurora's husband),Rick
Laura,Stu
Ben Geller,Rachel
Julie Graff,Chandler
Mike Hannigan,Kara
Stu,Monica
Doug,Phoebe
Isabella Rossellini,Paul Stevens
Mark Robinson,Gunther
Ashley Tribbiani,Tribbiani Sisters
Chloe,Isaac
Cheryl,Mitzi
Chandler Buffay,Lily Buffay
Mitzi,Ross
Cousin Frannie,Aunt Cheryl
Charlie Wheeler,Elizabeth Stevens
Paolo's cat,Rachel
Whitney,Ross
Jasmine,Phoebe
Guru Saj,The Chick and The Duck
The next next Martin Scorsese,Monica
Frank Buffay Jr.,Mike Hannigan
Isaac,Joey
Maureen,Jack Geller
Andrea Waltham,Rachel
Molly,Monica
Michael,Rachel
Richard Burke,Ross
Marc Coreger,Ross
Ginger,Joey
Alan,Rachel
Hootie and the Blowfish,Phoebe
Sarah,Allesandro
The Triplets,Phoebe
Janine Lecroix,Phoebe
Charlie Wheeler,Julie
Dan,Don
Jean-Claude Van Damme,Joey
Joanna,Lauren
Nervous male passenger,Rachel
Althea,Erica
Dr. Harad,Arthur
Phoebe's stepfather,Lily Buffay
Leslie Buffay,Ross
Mr. Douglas,Joey
Amanda (Ross' date),Ross
Hootie and the Blowfish,Monica
Amanda (Monica And Chandler's wedding),Rachel
Malcolm,Phoebe
Nurse,Estelle Leonard
The Kids,Carol Willick
Chloe,Joey
Mr. Burgin,Josh
Richard Burke,Monica
Gary (neighbor),Gary
Sid Goralnik,Monica
Judy Geller,Cookie
The Dry Cleaner,The Dry Cleaner's Wife
Tina,Mary-Angela
Jen,Joey
Mr. Heckles,Mike Hannigan
Carl (Rachel's date),Tom
Gary Litman,Chandler
Susan Bunch,Rachel
Catherine,Jack Geller
Wayne,Andrew
Jake,Chandler
Bobby Corso,Tribbiani Sisters
Tribbiani Sisters,Phoebe
Carlos,Tony
Aunt Sylvia,Judy Geller
Dr. Roger,Joey
Amanda (Ross' date),Laura
Timmy,Tommy
Althea,Joey
Carol Willick,Mr. Bunch
Erica Bing,Joey
Charles Bing,Erica
Dr. Baldharan,Chandler
Jill Greene,Joey
Mr. Heckles,Paolo's cat
Frank Buffay Sr.,Mike Hannigan
Parker,Phoebe
Tag Jones,Ross
Emily Waltham's second husband,Mr. Waltham
Glenda,Ross
Amanda (Ross' date),Monica
Danny,Rachel
Cookie,Mary
Chip Matthews,Ross
Melanie,Joey
Cailin,Cailin Praytor
Nonna,Joey
Amanda (Ross' date),Amanda Buffamonteezi
Mackenzie,Monica
Cassie,Rachel
Minnie,Susan Bunch
Joshua Burgin,Joshua Burgin's ex-wife
Leonard Greene,Monica
Cecilia Monroe,Jessica Lockhart
Frank Jr. Jr.,Leslie
Mary-Therese Tribbiani,Chandler
Peter,Joey
Tim,Monica
Terry,Joey
Rick Sanoven,Joey
Kate Miller,Rachel
Tag Jones,Lauren
Chandler Buffay,Leslie Buffay
Judy Geller,Eric
Mr. Heckles,Marcel
"Roy ""Goodbody""",Danny
Emily Waltham's second husband,Ross
Michelle,Monica
Delia,Rachel
Gunther,Joey
The accountant,Ross
Uncle Murray,Emily Waltham
Erica Bing,Judy Geller
Eric (photographer),Chandler
Paula,Alan
Unnamed Season 7 Characters,Doug
Dennis Phillips,Monica
The Kids,Rachel
Ursula Buffay,Rachel
Nina Bookbinder,Doug
Mrs. Burnett,Rachel
Judy Geller,Sandra Greene
Mr. Zelner,Gavin
Uncle Murray,Monica
Will Colbert,Jen
Amy Greene,Myron
Carlos,Emilio
Cousin Frannie,Emma Geller-Greene
The Chick and The Duck,Phoebe
Duncan,Phoebe Abbott
Chi-Chi,Ross
Richard Burke,Tom
Charla Nichols,Sarah Tuttle
Mary Ellen Jenkins,Phoebe
Sarah,Terry
The Triplets,Leslie
Tim (Season 3),Tomas
Aunt Iris,Monica
Paul Stevens,Rachel
Ugly Naked Guy,Ross
Fun Bobby's grandfather,Bob
The Chick and The Duck,Emily Waltham
Bill,Colleen
Mike Hannigan's ex-wife,Theodore Hannigan
Mike Hannigan,Mike Hannigan's ex-wife
Kiki,George Stephanopoulos
Parker,Jen
Krista,Lauren
Gina Tribbiani,Chandler
The Triplets,Alice Knight
Jason,Robert
Bonnie,Phoebe
Estelle Leonard,Ben Geller
The accountant,Monica
Duncan,Frances
Lily Buffay,Monica
Alice Knight,Leslie Buffay
Lizzy,Phoebe
Nora Tyler Bing,Joey
Chappy,Ross
Carol Willick,Joey
Emily Waltham,Chandler
Tony,Joey
Gina Tribbiani,Tribbiani Sisters
Stuart,Rachel
Tribbiani Sisters,Michael
Muriel,Rachel
Gloria Tribbiani,Tribbiani Sisters
Krista,Monica
Nonnie,Tribbiani Sisters
Elizabeth Stevens,Mrs. Stevens
Amanda (Ross' date),Tom
Gunther,Judy Geller
Aunt Lillian,Erica
Aunt Lisa,Eric
David,Dan
Gunther,Josh
Jean-Claude Van Damme,Marcel
Ben Geller,Mr. Bunch
Stryker Ramoray,Joey
The Zoo Employee,Ross
Mr. Kaplan Jr.,Rachel
Aunt Millie,Emma Geller-Greene
Barbara Burke,Ross
Jamie,Susan Bunch
Anita Altman,Rachel
Melissa Warburton,Phoebe
Frank Buffay Jr.,Monica
Cousin Frannie,Don
Mary,Lily Buffay
Gavin Mitchell,Emma Geller-Greene
Phoebe Abbott,Ross
Sandy,Emma Geller-Greene
Frances,Lily Buffay
Tomas,Tom
Steve (drug addict),Richard Burke
Mike Hannigan,Gunther
Tag Jones,Gavin Mitchell
Bitsy Hannigan,Phoebe
Rick Sanoven,Rick
Estelle Leonard,Ross
Cailin,Ross
Julie,Joey
Mike Hannigan,Joey
Mary-Therese Tribbiani,Tina
Janice Litman-Goralnik,Judy Geller
Bobby Rush,Rachel
Jade,Chandler
Emma Geller-Greene,Eric
Joshua Burgin's ex-wife,Rachel
Gunther,Dave
Roy,Joey
Aunt Sylvia,Ben Geller
Mary Ellen Jenkins,Jen
Lauren,Joey
Kyle,Phoebe
Alan Lewis,Ned Morse
Bob (Chandler's coworker),Rachel
Huggsy,Emma Geller-Greene
Eric,Monica
Leslie Buffay,Mrs. Buffay (Frank Sr.'s second wife)
Mike Hannigan's ex-wife,Mike Hannigan's sister
The Doctor,Eric
Leslie (casting director),Ross
Ta-Taka-Ki-Kek,Ross
Aunt Cheryl,Cheryl
Tim (Season 3),Monica
Mark Robinson,Robinson Twins
Nancy Oberblau,Nancy
Cousin Frannie,Stu
Joanna,Rachel
Marie,Allesandro
Andrew,Ethan
Ben Geller,Erica
Cailin,Laura
Elizabeth Stevens,Joey
Unnamed Season 7 Characters,Michelle
Ms. Stevens,Stevens siblings' father
Phoebe Abbott,Monica
Mary-Therese Tribbiani,Mary
Mr. Wheeler,Joey
Mark Robinson,Ross
Sarah Tuttle,Stu
Earl,Jason
Mr. Heckles,Monica
Mark Robinson's niece,Mrs. Robinson
Emily Waltham,Earl
Marcel,Fake Monica
Cheryl,Monica
Elizabeth Stevens,Paul Stevens
Silvia,Ursula Buffay
Aunt Lisa,Judy Geller
Sandra Greene,Ugly Naked Guy
Kyle Lowder,Joey
Isabella Rossellini,Monica
Unnamed Season 1 Characters,Monica
Sergei,Phoebe
Gina Tribbiani,Tina
Gloria Tribbiani,Tina
Isaac,Phoebe
Aunt Lillian,Judy Geller
Jeanine,Ross
Leslie Buffay,Rachel
Bob,Joey
Buddy Doyle,Rachel
Stephen Waltham,Ross
Mona,Emma Geller-Greene
Ginger,Phoebe
Jill Greene,Leonard Greene
Mark Robinson,Lauren
Aunt Millie,Ross
Nurse,Susan Bunch
Ben Geller,Joey
Sophie,Ross
Tina,Chandler
Pete Becker,Ross
Mrs. K.,Sandra Greene
Unidentified Phoebe Buffay fan,Joey
Mrs. Stevens,Stevens siblings' father
Ursula Buffay,Jamie
Cathy,Katie
Gavin Mitchell,Ross
Kori Weston,Ross
Owen,Monica
Pizza Guy,Monica
Sandy,Ross
Tina,Tribbiani Sisters
Hootie and the Blowfish,Chandler
Mark Robinson,Monica
Tabitha,Phoebe
Benjamin Hobart,Ross
Jean-Claude Van Damme,Phoebe
Phoebe's stepfather,Ursula Buffay
The Handyman,Rachel
Rhonda,Ross
Emma Geller-Greene,Judy Geller
Dan,Rachel
Nonna,Nonnie
Robert,Bob
Amanda Buffamonteezi,Joey
Gloria Tribbiani,Mary
Ginger,Monica
Jake,Joey
Alan,Joey
Tomas,Rachel
Megan Bailey,Phoebe
Sid Goralnik,Chandler
Aunt Sylvia,Monica
Walter,Chandler
Dina,Mary-Angela
Jack Geller,Joey
Charlie Wheeler,Mona
Dr. Harad,Ross
Sophie,Laura
The Interviewer,Joey
Luisa Gianetti,Monica
Grandma Geller,Eric
Joey Tribbiani Sr.,Ronni Rapalono
Allesandro,Monica
Gavin Mitchell,Lauren
Huggsy,Ross
Tag Jones,Rachel
Althea's husband,Eric
Don,Phoebe
Sarah,Sarah Tuttle
Dr. Oberman,Carol Willick
Cathy,Joey
Carl (bully),Gunther
Lily Buffay,Phoebe Abbott
Chip Matthews,Rachel
Joshua Burgin,Chandler
Tim (Season 3),Tom
Carl (Rachel's date),Tommy
Don,Allesandro
Emma Geller-Greene,Gavin
Sandra Greene,Ross
Unnamed Season 7 Characters,Sarah
Mr. Zelner,Lauren
Uncle Murray,Erica Bing
"Roy ""Goodbody""",Phoebe
Nick,Rachel
Carlos,Allesandro
Ben Geller,Judy Geller
Shelly,Nancy
Barbara Burke,Carol Willick
Bobby Rush,Robert
Kip,Joey
Gina Tribbiani,Cookie
Lowell (mugger),Chandler
Mrs. Braverman,Rachel
Mackenzie,Chandler
Chandler,Chandler Buffay
Janice Litman-Goralnik,Sid Goralnik
Precious,Mike Hannigan
Amy Greene,Emma Geller-Greene
Frank Buffay Jr.,Phoebe Abbott
Kyle,David
Julio (cat),Joey
Buddy Doyle,Dan
Leonard Greene,Chandler
Barbara Burke,Michelle Burke
Andrea Waltham,Judy Geller
Mike Hannigan's brother,Theodore Hannigan
Denise,Ross
Mona,Allesandro
Charlie Wheeler,Bill
Cassie,Eric
Kim,Ralph Lauren
Erica Bing,Monica
Kate Miller,Katie
Jill Greene,Monica
Michelle,Chandler
Erica,Rachel
Sandra Greene,Monica
Colleen,Phoebe
Cousin Frannie,Carol Willick
Schnoodle,Phoebe
Isabella Rossellini,Alice Knight
Duncan,Mary
Nora Tyler Bing,Dennis Phillips
Megan Bailey,Jen
Joshua Burgin's ex-wife,Mrs. Burgin
Nurse Sizemore,Nurse
Dennis Phillips,Chandler
Uncle Murray,Chandler
Ugly Naked Guy,Rachel
The Kids,Erica
Vince,Ross
Judy Geller,Ross
Gary Litman,Mr. Heckles
David,Joey
Mr. Treeger,Mr. Heckles
Ross Zelner,Ross
Mona,Julie
Aunt Iris,Chandler
Aunt Cheryl,Althea
Ms. Stevens,Ross
Michael,Mike Hannigan
Rick Sanoven,Monica
Gunther,Emily Waltham
Kate Miller,Joey
The Housekeeper,Phoebe
Althea's husband,Judy Geller
Caroline Duffy,Joey
Janice Litman-Goralnik,Ross
Lydia,Roy
Charles Bing,Monica
Dr. Franzblau,Ben Geller
Marcel,Rachel
Aunt Lisa,Ben Geller
Gunther,Monica
Amy Welsh,Rachel
Nonna,Mary-Angela
Sandra Greene's father,Jill Greene
The Housekeeper,Emily Waltham
Aunt Liddy,Emma Geller-Greene
Ursula Buffay,Gunther
Dr. Robert Bobby,Bob
Tina,Mary
Rick (Aurora's husband),Chandler
Barbara Burke,Rachel
Hayley,Joey
Ross Zelner,Lauren
Stuart,Erica
The Kids,Joey
Ursula Buffay,Joey
Ethan,Young Ethan
Frank Buffay Sr.,Phoebe Abbott
Mike Hannigan's brother,Mike Hannigan's sister
Mrs. Burnett,Joey
Marc Coreger,Mark Robinson
Rick Sanoven,Jason
Carol Willick,Phoebe
Amanda (Ross' date),Tommy
Amy Greene,Ross
Ned Morse,Ross
Marsha,Carol Willick
The Dry Cleaner's Wife,Joey
Krista,Dan
Paul Stevens,Joey
Elizabeth Stevens,Leonard Greene
Dr. Ledbetter,Michael
Mrs. Stevens,Ross
Cassie,Judy Geller
Ned Morse,Stu
Cookie,Phoebe
Frank Buffay Jr.,Chandler
Estelle Leonard,Rachel
Cailin,Rachel
Janice Litman-Goralnik,Monica
Gary,Monica
Carol Willick,Emily Waltham
Mitzi,Nurse
Larry,Phoebe
Aunt Sylvia,Uncle Freddie
Sandra Greene's father,Amy Greene
Aunt Lisa,Ross
Nora Tyler Bing,Monica
Frances,Ursula Buffay
Carol Willick,Monica
Erika Ford,Ross
George Stephanopoulos,Rachel
Cousin Frannie,Rachel
Ta-Taka-Ki-Kek,Rachel
Dina,Rachel
Cecilia Monroe,Monica
Timmy,Phoebe
Stu,Joey
Judy Geller,Fake Monica
Julie,Phoebe
Aunt Marilyn,Ross
Brenda,Monica
Eric,Chandler
Marjorie,Joey
Mr. Bunch,Joey
Marshall Townend,Marsha
Erin,Joey
Mark Robinson,Nancy (Bloomingdale's Employee)
Mike Hannigan's brother,Mike Hannigan's ex-wife
Emma Geller-Greene,Ross
Wayne,Ross
Russ,Monica
The Zoo Employee,Dan
Uncle Sal,Joey
Shovelly Joe,Eric
Aunt Lisa,Monica
Grandma Geller,Emma Geller-Greene
Julie,Monica
Joshua Burgin,Mr. Burgin
Mike Hannigan,Monica
The Chick and The Duck,Earl
Mr. Heckles,Chandler
Aunt Lillian,Monica
Sally,Dr. Gettleman
Laura,Joey
The Dry Cleaner,Joey
Aunt Liddy,Ross
Cheryl,Chandler
Stephen Waltham,Rachel
Frank Buffay Jr.,Frank Jr. Jr.
Mona,Carol Willick
Isabella Rossellini,Chandler
Sophie,Rachel
Paolo,Ross
Pete Becker,Rachel
Angela Delveccio,Bob
Dan,Nurse
Aunt Marilyn,Monica
Stuart,Judy Geller
Julie Coreger,Julie
Susie Moss,Chandler
Frank Buffay Sr.,Chandler
Russell,Russ
Shelly,Chandler
Gavin Mitchell,Rachel
Aunt Iris,Jack Geller
Fun Bobby,Bob
Charlie Wheeler,Kathy
Joshua Burgin's nephew,Mr. Burgin
Bill,Owen
The Kids,Mike Hannigan
Sandy,Rachel
Mr. Burgin,Chandler
Julie Graff,Julie
Precious,Monica
Richard Burke,Joey
Devon,Emily Waltham
Owen,Chandler
Unnamed Season 7 Characters,The Waiter
Mr. Simon,Rick
Guru Saj,Ross
Paolo's cat,Ross
Sonya,Monica
Trudie Styler,Phoebe
Steve (drug addict),Ross
Isaac,Chandler
Andrea Waltham,Ross
Frank Jr. Jr.,Ursula Buffay
Michael,Ross
Mark Robinson's niece,Robinson Twins
Steve (drug addict),Stu
Unnamed Season 7 Characters,Michael
The Doctor,Monica
Charlie Wheeler,Ursula Buffay
Althea's husband,Ben Geller
Ginger,Chandler
Huggsy,Rachel
Kash Ford,Ross
Aurora,Rick
Emilio,Tony (Allesandro's employee)
Aunt Sylvia,Chandler
Joshua Burgin,Joey
Ben Geller,Emily Waltham
Althea,Erica Bing
Leslie Buffay,Joey
Frank Buffay Jr.,Frank Buffay Sr.
Amanda Buffamonteezi,Phoebe
Bob,Monica
Amanda (Ross' date),Joey
Joshua Burgin's ex-wife,Josh
Jake,Phoebe
Alan,Phoebe
Ben Geller,Monica
Gary Litman,Janice Litman-Goralnik
Jack Geller,Phoebe
Carl (bully),Ross
Alice Knight,Chandler Buffay
Mr. Treeger,Ross
Steve (Chandler's boss),Ben Geller
Mr. Douglas,Chandler
Unnamed Season 7 Characters,Terry
Kiki,Rachel
Russ,Tom
The Handyman,Joey
Chloe,Chandler
Chandler Buffay,Leslie
The Triplets,Ursula Buffay
Michael,Monica
"Mike ""Gandalf"" Ganderson",Ben Geller
Grandma Geller,Ross
Russ,David
Denise,Rachel
Cassie,Ben Geller
Paul the Wine Guy,Rachel
Leonard Greene,Tony
Julie,Tom
Emily Waltham,Emma Geller-Greene
Ashley Tribbiani,Gloria Tribbiani
Caitlin,Ross
Alan,Monica
Tomas,Joey
Althea's husband,Ross
Janice Litman-Goralnik,Gary
Mike Hannigan,David
Bobby Corso,Bob
Michelle Burke,Timothy Burke
Dr. Franzblau,Carol Willick
Mike Hannigan's sister,Theodore Hannigan
Mona,Rachel
Amanda Buffamonteezi,Bob
Leonard Greene,Sandra Greene
Malcolm,Ursula Buffay
Althea,Chandler
Erica Bing,Chandler
Buddy Doyle,Danny
Ryan,Phoebe
Jill Greene,Chandler
Richard Burke,Timothy Burke
Danny,Ross
Steve (Chandler's boss),Ross
The Judge,Rachel
Amanda (Monica And Chandler's wedding),Monica
Mark Robinson,Joanna
Judy Geller,Rachel
Charla Nichols,Ross
Melanie,Chandler
The Kids,Ben Geller
Nonna,Chandler
Ross Zelner,Rachel
Mrs. Braverman,Joey
Wendy,Joey
Dana Keystone,Ross
Charla Nichols,Stu
Jessica Ashley,Rachel
Cassie,Ross
Donny Osmond,Don
Mona,Bonnie
Dana Keystone,Stu
Anita Altman,Ta-Taka-Ki-Kek
Paul Stevens,Leonard Greene
Nonna,Tribbiani Sisters
Joshua Burgin's nephew,Josh
Alice Knight,Leslie
Susan Bunch,Monica
Rick Sanoven,Chandler
Clifford Burnett,Rachel
Emily Waltham,Mr. Waltham
Andrea Waltham,Emily Waltham's cousin
Franny,Monica
Charles Bing,Chandler
Mary-Therese Tribbiani,Gina Tribbiani
Mike Hannigan,Phoebe Abbott
Krista,Joey
Stryker Ramoray,Frances
David,Phoebe
Delia,Ross
Gunther,Chandler
Dr. Gettleman's daughter,Ross
Erica,Joey
Russell,Ross
Timothy Burke,Timmy
"David ""Tank"" Abbott",Monica
Emilio,Tony
Danny,Monica
Stuart,Ben Geller
Mrs Burkart,Phoebe
Chandler Buffay,Mrs. Buffay (Frank Sr.'s second wife)
Frank Buffay Sr.,Leslie Buffay
Amy Greene,Rachel
Emily Waltham,Janice Litman-Goralnik
Frank Buffay Jr.,Joey
Cassie,Monica
Frances,Ross
Duncan,Silvia
Aunt Sylvia,Jack Geller
Dr. Franzblau,Rachel
Ursula Buffay,Phoebe
Kate Miller,Monica
Tag Jones,Gavin
Nasforatool,Chandler
Tommy,Ross
Stephanie,Phoebe
Aunt Lillian,Erica Bing
Nurse Sizemore,Ross
Mary-Therese Tribbiani,Michael
Louis Posen,Monica
Paul Stevens,Phoebe
Julio (poet),Phoebe
Nora Tyler Bing,Chandler
Carol Willick,Chandler
Tony,Chandler
Kristen Leigh,Ross
Chandler Buffay,Rachel
Emily Waltham,Julie
Joan Tedeschi,Ross
The Kids,Monica
Tim (Season 3),Joey
Ursula Buffay,Monica
Unnamed Season 7 Characters,Wayne
Alan Lewis,Alan
Rick (Aurora's husband),Ethan
Terry (casting director),Joey
Alice Knight,Mrs. Buffay (Frank Sr.'s second wife)
Brenda,Chandler
Cousin Frannie,Eric
Phoebe Abbott,Joey
Bill,Ross
Paul Stevens,Monica
Duncan,Phoebe
Kathy,Rachel
Estelle Leonard,Joey
Cailin,Joey
Lowell (mugger),Kyle
Nonna,Tina
Charlie Wheeler,Don
Carlos,Tony (Allesandro's employee)
Arthur,Nick
The Tanning Salon Guy,Ross
Althea,Jack Geller
Erica Bing,Jack Geller
Ida Greene,Nick
Dr. Wiener,Ross
Russ,Chandler
Jack Geller,Uncle Freddie
Jessica Lockhart,Dina
Unnamed Season 1 Characters,Joey
Gina Tribbiani,Nonna
Mike Hannigan,Chandler
Paolo,Rachel
Lily Buffay,Mike Hannigan
Aunt Sylvia,Erica
Dr. Robert Bobby,Robert
Stuart,Monica
Erin,Phoebe
Leslie (casting director),Joey
Sandra Greene,Kip
Dina,Joey
Gina Tribbiani,Michael
Fun Bobby,Chandler
Minnie,Ross
Mr. Douglas,Doug
Nancy (Bloomingdale's Employee),Rachel
Nonnie,Michael
Ben Geller,Erica Bing
Aunt Lisa,Dan
Cathy,Susie Moss
Frank Jr. Jr.,Ross
Alice Knight,Rachel
Gina Tribbiani,Gloria Tribbiani
Colin,Ross
Aunt Phylis,Monica
Nonna,Mary
Charlie Wheeler,Ross
Anita Altman,Monica
The Dry Cleaner,Phoebe
The Triplets,Don
Aunt Millie,Eric
Steve (drug addict),Rachel
Charlie Wheeler,Stu
Mischa,Rachel
Tom,Danny
Steve (drug addict),The Chick and The Duck
Mr. Adelman,Mrs Adelman
Doug,Ross
Emily Waltham's cousin,Ross
Charles Bing,Jack Geller
Kara,Ross
Gunther,Jack Geller
Kash Ford,Rachel
Arthur,Ross
Jasmine,Ross
Jarvis Oberblau,Nancy
Ashley Tribbiani,Joey Tribbiani Sr.
Tribbiani Sisters,Mary-Therese Tribbiani
Amanda (Ross' date),Amanda (Monica And Chandler's wedding)
Ethan,Rick
Chappy,Mike Hannigan
Mike Hannigan,Theodore Hannigan
Jessica Lockhart,Ross
Mark Robinson's niece,Rachel
Richard Burke,Phoebe
Laura,Monica
The Doctor,Chandler
Michelle Burke,Monica
Marshall Townend,Roger
Barbara Burke,Timothy Burke
Joey Tribbiani Sr.,Joey
Jamie,Ben Geller
Alan Lewis,Ross
The Triplets,Frank Buffay Jr.
Mike Hannigan's brother,Phoebe
Pete Becker,Joey
Ralph Lauren,Ross
The Triplets,Ross
Rob Donnen,Phoebe
Cousin Frannie,Judy Geller
Gary Litman,Rachel
Eddie Menuek,Joey
Mr. Treeger,Rachel
Janine Lecroix,Ross
Sandy,Joey
Marcel,The Zoo Employee
Ben Geller,Chandler
Sidney Marks,Joey
Cailin Praytor,Caitlin
Unnamed Season 7 Characters,Robert
Rhonda,Joey
Janice Litman-Goralnik,Jack Geller
Grandma Geller,Rachel
Stu,The Waiter
Unidentified Phoebe Buffay fan,Chandler
Mozzarella,Wendy
Caitlin,Rachel
Unnamed Season 7 Characters,Stephanie
Amanda (Ross' date),Phoebe
Nora Tyler Bing,Jack Geller
Carol Willick,Jack Geller
Joshua Burgin,Emily Waltham
Benjamin Hobart,Marie
Lowell (mugger),Phoebe
Mrs. Buffay (Frank Sr.'s second wife),Phoebe
Amanda Buffamonteezi,Chandler
Sarah,Max
Missy Goldberg,Chandler
Huggsy,Joey
Alan,Chandler
Will Colbert,Ross
Ronni Rapalono,Joey
Jamie,Ross
Jack Geller,Chandler
Bob (rat),Monica
Leonard Greene,Phoebe
Tim,Phoebe
Sandra Greene,Joey
The Triplets,Chandler Buffay
Myron,Rachel
Buddy Doyle,Monica
Stephen Waltham,Judy Geller
Tim,Allesandro
Steve (Chandler's boss),Rachel
Tomas,Phoebe
Aunt Cheryl,Eric
Timothy Burke,Monica
Charla Nichols,Rachel
Aunt Cheryl,Stuart
Mike Hannigan,Mike Hannigan's sister
Frances,Mrs. Buffay (Frank Sr.'s second wife)
Parker,Ross
Amanda (Monica And Chandler's wedding),Chandler
Nasforatool,Doug
Jill Greene,Sandra Greene
Marshall Townend,Kate Miller
Tina,Michael
Kip,Chandler
Leonard Hayes,Joey
Dan,Monica
Aunt Lillian,Jack Geller
Tomas,Monica
Peter,Tony
Carl (bully),Dan
Carlos,Marie
Katie,Rachel
Uncle Freddie,Ross
Julio (cat),Chandler
Mr. Treeger,Dan
Howard,Ross
Andrew,Aurora
Mrs. Burgin,Rachel
Nurse,Ben Geller
Aunt Iris,Phoebe
"Todd, the Hombre Man",Joey
Dr. Gettleman's daughter,Rachel
Russell,Rachel
Rick,Joey
Emma Geller-Greene,Aunt Marilyn
Mike Hannigan,Leslie Buffay
Grandma Geller,Dan
Richard Darnville,Paul Stevens
Nora Tyler Bing,Erica
Chip Matthews,Monica
Unnamed Season 1 Characters,Estelle Leonard
The Kids,Erica Bing
Owen,Russ
Carol Willick,Minnie
Cassie,Denise
The accountant,Phoebe
Lily Buffay,Phoebe
Judy Geller,Joey
Charlie Wheeler,Carol Willick
Emily Waltham,Rachel
Mrs. Braverman,Monica
Wendy,Monica
Erica,Phoebe
"Mike ""Gandalf"" Ganderson",Chandler
Jessica Ashley,Joey
Amy Greene,Ida Greene
Timmy,Amy Greene
The Chick and The Duck,Ross
Christmas tree customer,Rachel
Gary (neighbor),Chandler
Janice Litman-Goralnik,Joey
Tommy,Rachel
Nancy (realtor),Rachel
Danny,Dan
David,Chandler
Josh,Joshua Burgin
Nurse,Ross
Steve Cera,Ross
Frank Buffay Jr.,Phoebe
Aunt Lisa,Erica
Ms. Stevens,Paul Stevens
Caroline Duffy,Chandler
Unnamed Season 7 Characters,Roger
Ben Geller,Jack Geller
Mike Hannigan,Erica
Stuart,Erica Bing
Luisa Gianetti,Marcel
Marcel,Ross
Bonnie,Ross
Cecilia Monroe,Joey
Erica,Monica
Louis Posen,Chandler
Uncle Dan,Ross
Frank Jr. Jr.,Mrs. Buffay (Frank Sr.'s second wife)
Chappy,Phoebe
Chi-Chi,Monica
Colleen,Owen
Cousin Frannie,Ben Geller
Amy Greene,Joey
Earl,Phoebe
The Kids,Chandler
Ursula Buffay,Chandler
Maria,Ross
Ugly Naked Guy,Monica
Gina Tribbiani,Joey Tribbiani Sr.
Dina,Nonnie
Gloria Tribbiani,Joey Tribbiani Sr.
Mrs Adelman,Phoebe
Charlie Wheeler,Professor Spafford
Maureen,Judy Geller
Brown Bird Troop Leader,Sarah
Eric,Phoebe
Male Guest,Bob
Dr. Wiener,Rachel
Ryan,Earl
Melissa Warburton,Ross
Emma Geller-Greene,Erica
Tim (Season 3),Phoebe
Paul Stevens,Chandler
Steven Fisher,Ross
Aunt Iris,Randall
Emma Geller-Greene,Ida Greene
Jeanine,Wendy
Ethan,Monica
Mrs. Stevens,Paul Stevens
Erika Ford,Joey
Phoebe Abbott,Phoebe
Aurora,Chandler
Amy Welsh,Monica
Dr. Harad,The Triplets
Jamie,Carol Willick
Jessica Lockhart,Celia
Bitsy Hannigan,Ross
Bruce Buffer,Michael
Kim,Rachel
Restaurant Manger/Producer,Monica
The Doctor,Erica
The Triplets,Mrs. Buffay (Frank Sr.'s second wife)
Mr. Heckles,Phoebe
Stuart,Chandler
Frank Jr. Jr.,Rachel
Sidney Marks,Ugly Naked Guy
Tag Jones,Mr. Zelner
Josh,Ross
Cousin Frannie,Ross
Barbara Burke,Monica
Stephen Waltham,Ben Geller
Charlie Wheeler,Rachel
Aunt Millie,Ben Geller
Leslie Buffay,Phoebe Abbott
Joey Tribbiani Sr.,Nonnie
Mr. Kaplan Jr.,Chandler
Emma Geller-Greene,Joey
Precious,Joey
Sarah Tuttle,Ross
Frank Buffay Sr.,Phoebe
George Stephanopoulos,Phoebe
Wayne,Joey
Ben Geller,Minnie
Anita Altman,Chandler
Marjorie,Chandler
Althea's husband,Aunt Lillian
Sonya,Joey
Mr. Adelman,Joey
Jill Goodacre,Chandler
Estelle Leonard,Monica
Jasmine,Rachel
Schnoodle,Russ
Ida Greene,Rachel
Jack Geller,Cookie
Paula,Monica
Chandler Buffay,Ursula Buffay
Jessica Lockhart,Rachel
Elizabeth Hornswoggle,Chandler
Amy Welsh,Chip Matthews
Uncle Sal,Chandler
Owen,Phoebe
Althea,Emma Geller-Greene
Sarah,Molly
Mark Robinson,Phoebe
Hootie and the Blowfish,Rachel
Cassie,Aunt Marilyn
Phoebe's stepfather,Joey
Duncan,Lily Buffay
Ralph Lauren,Rachel
The Triplets,Rachel
George Stephanopoulos,Monica
Cousin Frannie,Monica
Aunt Cheryl,Emma Geller-Greene
Leslie (casting director),Monica
Robert,Ross
Uncle Sal,Tribbiani Sisters
Laura,Chandler
Dina,Monica
Sergei,Ross
Isaac,Ross
Luisa Gianetti,Phoebe
Mary-Therese Tribbiani,Cookie
Frank Buffay Sr.,Bob
Guru Saj,Joey
Marie,Monica
Erica Bing,Nora Tyler Bing
Marsha,Ross
Joanna,Chandler
Pete Becker,Phoebe
Mischa,Sergei
Richard Burke,Chandler
Frank Jr. Jr.,Dan
Kash Ford,Joey
Andrew,Rick
Jean-Claude Van Damme,Ross
Will Colbert,Rachel
Nurse,Carol Willick
Althea's husband,Erica
Doug,Kara
Alice Knight,Ursula Buffay
Rhonda,Phoebe
Jeanine,Monica
Aunt Liddy,Judy Geller
Delia,Sandy
Aunt Cheryl,Ben Geller
Dr. Ledbetter,Don
Tribbiani Sisters,Rachel
Aunt Millie,Monica
Duncan,Earl
Pete Becker,Monica
Dr. Harad,Phoebe
Cailin Praytor,Ross
Leslie Buffay,Chandler
Gavin Mitchell,Monica
Mr. Treeger,Joey
Parker,Rachel
Amanda (Ross' date),Chandler
Charles Bing,Nora Tyler Bing
Timothy Burke,Chandler
Tomas,Pete Becker
Erica Bing,Phoebe
Mrs. Buffay (Frank Sr.'s second wife),Chandler
Grandma Geller,Joey
Gloria Tribbiani,Cookie
Jill Greene,Phoebe
Cailin,Tom
Sandra Greene,Phoebe
Steve (drug addict),Judy Geller
Cassie,Erica
Julie,Russ
Cassie,Ryan
Janine Lecroix,Dan
Joey Tribbiani Sr.,Mary-Angela
Mozzarella,Rachel
Mark Robinson,Nancy
Stuart,Jack Geller
Dan,Chandler
Dr. Ledbetter,Ross
Fun Bobby,Russ
Tomas,Chandler
Unnamed Season 1 Characters,David
Nurse Sizemore,Mary
Aunt Cheryl,Ross
Joanna,Sophie
Roy Gublik,Monica
Mona,Ross
Aunt Cheryl,Stu
Terry,Phoebe
Denise,Phoebe
Erica,Erica Bing
Muriel,Jill Greene
Rick Sanoven,Phoebe
Ursula Buffay,Cookie
Charlton Heston,Marie
Tag Jones,Chandler
Mrs. Buffay (Frank Sr.'s second wife),Lily Buffay
Danny,Joey
Hillary,Ross
Mona,Mona's boyfriend
Nancy,Lauren
Pete Becker,Peter
Stevens siblings' father,Chandler
Gunther,Phoebe
Alice Knight,Mike Hannigan
Elizabeth Stevens,Stevens siblings' mother
Amy Greene,Leonard Greene
Rick,Phoebe
Colleen,Ross
The Judge,Ross
Nick,Chandler
The Chick and The Duck,Rachel
Mr. Bunch,Mrs. Bunch
Maureen,Ross
Gunther,Janice Litman-Goralnik
Grandma Geller,Judy Geller
Mrs. Braverman,Chandler
Nonnie,Caitlin
Chip Matthews,Dan
Denise,Monica
Paul the Wine Guy,Monica
Rhonda,Peter
Wendy,Chandler
Leonard Greene,Mona
Professor Spafford,Ross
Joanne,Kiki
Katie,Joey
Vince,Phoebe
Joanna,Ralph Lauren
Mona,Monica
Stephen Waltham,Tom
Muriel,Amy Greene
Bonnie,Rachel
Russell,Joey
Al Zebooker,Dan
Sandra Greene,Barry Farber
Mr. Heckles,Paolo
Ben Geller,Russ
Uncle Dan,Rachel
Jill Greene,Jen
Janice Litman-Goralnik,Phoebe
Eric (photographer),Ursula Buffay
Gary,Phoebe
Krista,Chandler
Donny Osmond,Joey
Mike Hannigan,Silvia
Kyle Lowder,Kyle
Erica,Chandler
Althea,Aunt Phylis
Mr. Waltham,Rachel
Terry,Terry (casting director)
Tony (Allesandro's employee),Monica
Frances,Joey
Judy Geller,Monica
Gavin Mitchell,Mr. Zelner
Tony,Phoebe
Althea,Althea's husband
Melissa Warburton,Rachel
Steven Fisher,Rachel
Ugly Naked Guy,Chandler
Gina Tribbiani,Marie
Emma Geller-Greene,Leonard Greene
Christmas tree customer,Joey
Kathy,Nick
Joshua Burgin's ex-wife,Mr. Burgin
Mary,Ursula Buffay
Nurse Sizemore,Joey
Tim (Season 3),Pete Becker
Dave,Ross
Tina,Cookie
Ugly Naked Guy,Dan
Gunther,Jen
Kristen Leigh,Joey
Unnamed Season 7 Characters,Ross
Josh,Rachel
Nonna,Gloria Tribbiani
Russ,Phoebe
Celia,Ross
Chandler Buffay,Frank Buffay Jr.
Andrea Waltham,Emily Waltham's second husband
Emily Waltham's second husband,Stephen Waltham
Mike Hannigan,Phoebe
Charlie Wheeler,Mr. Wheeler
Chandler Buffay,Ross
Amy Greene,Monica
Mrs. Robinson,Ross
Sarah Tuttle,Rachel
Bitsy Hannigan,Mike Hannigan's brother
Elizabeth Stevens,Ms. Stevens
Tim (Season 3),Chandler
Gavin,Susan Bunch
Gunther,Michael
Charlie Wheeler,Angela Delveccio
Margha,Joey
Emily Waltham,Judy Geller
Julie Coreger,Ross
Tag Jones,Ralph Lauren
Phoebe Abbott,Chandler
Steve (drug addict),Leonard Greene
Uncle Dan,Dan
The Waiter,Ross
Dr. Wiener,Joey
Fake Monica,Monica
Earl,Lily Buffay
Julie Graff,Ross
Mr. Burgin,Rachel
Maria,Dan
Mark Robinson,Mark Robinson's niece
Russ,Bob
Emma Geller-Greene,Phoebe
Precious,Phoebe
Robert,Rachel
Rick (Aurora's husband),Andrew
Robinson Twins,Rachel
Roger,Rachel
Mr. Adelman,Phoebe
Gunther,Terry
Sergei,Rachel
Frank Jr. Jr.,Joey
Isaac,Rachel
Terry (casting director),Stryker Ramoray
George Stephanopoulos,Chandler
Barry Farber,Rachel
Amy Greene,Barry Farber
Bobby Corso,Dina
Charlie Wheeler,Joey
Dina,Chandler
Nancy (Bloomingdale's Employee),Ross
Alice Knight,Frank Buffay Jr.
Duncan,Ursula Buffay
Leonard Greene,Cookie
Paolo,Phoebe
Phoebe's stepfather,Phoebe
Frances,Mike Hannigan
Doug,Joey
Emma Geller-Greene,Monica
Dina,Tribbiani Sisters
Kara,Joey
Russ,Barry Farber
Danielle,Dan
Mark Robinson,Chandler
Kathy,Monica
Mischa,Ross
Ben Geller,Phoebe
Jean-Claude Van Damme,Rachel
Grandma Geller,Ben Geller
Stevens siblings' mother,Ross
Jessica Lockhart,Joey
Unidentified Phoebe Buffay fan,Phoebe
Katie (saleswoman),Ross
Isaac,Jasmine
Aunt Liddy,Monica
Charlie Wheeler,Kate Miller
Erica,Jack Geller
Frank Buffay Sr.,Lily Buffay
Guru Saj,Phoebe
Megan Bailey,Rachel
Felicity,Ross
Sarah,Joey
Bitsy Hannigan,Theodore Hannigan
Paolo,Monica
Joanne,Maria
Chloe,Rachel
Lauren,Jen
Cailin Praytor,Rachel
Carol Willick,Susan Bunch
Michelle Burke,Michelle
Aunt Lillian,Aunt Phylis
Don,Rachel
Pete Becker,Chandler
Jen,Rachel
Gary Litman,Ross
Andrea Waltham,Emily Waltham
Eddie Menuek,Chandler
The Dry Cleaner's Wife,Russ
Kori Weston,Chandler
Joey Tribbiani Sr.,Tribbiani Sisters
Judy Geller,Uncle Freddie
"Roy ""Goodbody""",Rachel
Carl (actor),Joey
The Kids,The Triplets
Steve (drug addict),Monica
Mischa,Monica
Paul Stevens,Stevens siblings' mother
Nervous male passenger,Phoebe
Nancy,Rachel
Althea,Rachel
Richard Burke,Michelle
Dr. Baldharan,Ross
Frank Buffay Jr.,Leslie Buffay
Jason,Phoebe
Janine Lecroix,Kate Miller
Aunt Cheryl,Rachel
Isabella Rossellini,Earl
Pete Becker,Julio (poet)
Melanie,Rachel
Cailin,Tommy
Gloria Tribbiani,Mary-Therese Tribbiani
Stuart,Cheryl
Huggsy,Chandler
Caitlin,Phoebe
Charlton Heston,Lydia
Tribbiani Sisters,Joey
Mark Robinson,Sophie
Julio (cat),Phoebe
Kristen Leigh,Marcel
Susie Moss,Robert
Susan Bunch,Phoebe
Gary Litman,Monica
Sandra Greene,Chandler
Uncle Murray,Eric
Mr. Treeger,Monica
Brown Bird Troop Leader,Sarah Tuttle
Dick Clark,Ross
Timothy Burke,Michelle
Dr. Robert Bobby,Rachel
Al Zebooker,Joey
Emma Geller-Greene,David
Ginger,Tim
Precious,David
Ryan,Ross
The Chick and The Duck,Chick Jr. & Duck Jr.
Grandma Geller,Monica
Danny,Krista
Caitlin,Monica
Aunt Iris,Tony
Elizabeth Hornswoggle,Sarah
Althea's husband,Monica
Amanda Buffamonteezi,Jen
Mozzarella,Joey
Ben Geller,Michael
Denise,Chandler
The Dry Cleaner,Russ
Eric,Malcolm
Cousin Frannie,Jack Geller
The Housekeeper,Rachel
Cassie,Phoebe
Aunt Millie,Cousin Frannie
"Roy ""Goodbody""",Dan
Mark Robinson,Ralph Lauren
Bob (rat),Mike Hannigan
Jack Geller,Aunt Phylis
Roy Gublik,Roy
Marcel,Katie
Steve (Chandler's boss),Monica
Dina,Mary
Gunther,Jasmine
Joshua Burgin,Joshua Burgin's nephew
Young Ethan,Stu
Mr. Burgin,Mrs. Burgin
Leslie (casting director),Leslie Buffay
Chandler Buffay,Phoebe Abbott
Ben Geller,Susan Bunch
Tom,Doug
Dr. Baldharan,Fake Monica
Frances,Frank Buffay Jr.
Joey Tribbiani Sr.,Tina
Dana Keystone,Monica
Nonnie,Ross
Ugly Naked Guy,Joey
Jeffrey,Monica
Parker,Judy Geller
Carl (bully),Peter
Molly,Emma Geller-Greene
Schnoodle,Russell
Franny,Paul the Wine Guy
The Chick and The Duck,Kathy
Dr. Schiff,Rachel
Emily Waltham,Ross
Judy Geller,Chandler
Mary Ellen Jenkins,Joey
Ta-Taka-Ki-Kek,Will Colbert
Nurse,Joey
The Kids,Phoebe
Mrs. Burnett,Phoebe
Steve Cera,Joey
Frances,Albert
Dave,Rachel
Bitsy Hannigan,Mike Hannigan's ex-wife
Sandra Greene's father,Emma Geller-Greene
Stephen Waltham,Jack Geller
Gavin Mitchell,Ralph Lauren
Janice Litman-Goralnik,Chandler
Gary,Chandler
Unnamed Season 7 Characters,Rachel
Marcel,Joey
Mr. Simon,Phoebe
Bonnie,Joey
Dr. Gettleman's daughter,Monica
Dina,Cookie
Restaurant Manger/Producer,Joey
Emilio,Marie
David,Max
Mr. Zelner,Ralph Lauren
Emily Waltham's cousin,Emily Waltham's second husband
Christmas tree customer,Phoebe
Joey Tribbiani Sr.,Mary
Charlie Wheeler,Cecilia Monroe
Mrs. Robinson,Rachel
Cousin Frannie,Erica
Timmy,Rachel
Aunt Sylvia,Aunt Iris
Leslie Buffay,The Triplets
Frances,Monica
Julie Coreger,Rachel
Emily Waltham,Monica
Jade,Ross
Amy Greene,Chandler
Emma Geller-Greene,Erica Bing
The Waiter,Rachel
Dean Lipson,The Zoo Employee
Melissa Warburton,Joey
Sandra Greene's father,Nick
Carl (Rachel's date),Ross
Cailin,Caitlin
Mr. Heckles,Eric
Phoebe's stepfather,Frances
Tommy,Monica
Nancy (realtor),Monica
Kate Miller,Jen
Charles Bing,Earl
Stu,Allesandro
Tina,Dina
Duncan,Frank Buffay Jr.
Bill,Phoebe
Ida Greene,Leonard Greene
Andrew,Chandler
Gloria Tribbiani,Brenda
Gina Tribbiani,Mary-Angela
Fun Bobby,Fun Bobby's grandfather
Erika Ford,Chandler
Josh,Joey
Joan Tedeschi,Monica
"David ""Tank"" Abbott",David
Kim,Ross
Nina Bookbinder,Chandler
Theodore Hannigan,Ross
Stevens siblings' father,Stevens siblings' mother
Eddie Menuek,Tilly
The next next Martin Scorsese,Ross
Aunt Millie,Erica
Aunt Marilyn,Chandler
Dave,Dan
Fun Bobby,Vince
Gary Litman,Gary
Molly,Ross
Eric,Ursula Buffay
Nancy Branson,Rachel
Sarah Tuttle,Joey
Barbara Burke,Michelle
Bill,Monica
Elizabeth Hornswoggle,Elizabeth Stevens
Mrs. K.,Rachel
Charlie Wheeler,Albert
Emma Geller-Greene,Chandler
Julie Coreger,Marc Coreger
Katie (saleswoman),Rachel
Emily Waltham,Emily Waltham's cousin
Mary Ellen Jenkins,Mike Hannigan
Mona's boyfriend,Ross
Kim,Lauren
Sonya,Chandler
Al Zebooker,Estelle Leonard
The Kids,Michael
Rob Donnen,Don
Kathy,Chandler
Felicity,Rachel
Aunt Sylvia,Eric
Robert,Gunther
Mr. Rastatter,Michael
Carol Willick,Earl
Molly,Tabitha
Robert,Joey
Joshua Burgin,Don
Colin,Emily Waltham
Ross Zelner,Ralph Lauren
Charlie Wheeler,Emily Waltham
Isaac,Gunther
Theodore Hannigan,Monica
Hootie and the Blowfish,Ross
Phoebe's stepfather,Chandler
Julio (poet),Carlos
Bobby Rush,Bob
Ida Greene,Phoebe
Nonna,Cookie
Barry Farber,Joey
Frank Buffay Sr.,Ursula Buffay
Charlie Wheeler,Monica
Clifford Burnett,Mrs. Burnett
Ursula Buffay,Leslie
Shovelly Joe,Monica
Jasmine,Mr. Treeger
Jake,Rachel
Ginger,Kathy
Sid Goralnik,Ross
The Kids,Susan Bunch
Bob (rat),Phoebe
Bob (Chandler's coworker),Bob
Jack Geller,Rachel
Doug,Monica
Alice Knight,Chandler
Grandma Geller,Erica Bing
Leslie Buffay,Phoebe
Kara,Monica
Stephanie,Terry
Guru Saj,Chandler
Dr. Roger,Roger
Tommy,Tom
Steve (drug addict),Chandler
Tabitha,Joey
Althea's husband,Erica Bing
Joshua Burgin,Ross
Ralph Lauren,Lauren
Chandler Buffay,Frank Jr. Jr.
Bobby Rush,Barry Farber
Unnamed Season 1 Characters,George Stephanopoulos
Jessica Lockhart,Monica
Elizabeth Hornswoggle,Peter
Marc Coreger,Julie
Sarah,Monica
Marshall Townend,Joey
Bitsy Hannigan,Mike Hannigan
Althea,Eric
Erica Bing,Eric
Chick Jr. & Duck Jr.,Joey
Aunt Cheryl,Erica
Carol Willick,Mrs. Bunch
The Triplets,Monica
Kip,Rachel
Lowell (mugger),Ross
Dan,Phoebe
Uncle Murray,Ben Geller
Mark Robinson's niece,Chandler
Janine Lecroix,Monica
Don,Joey
Will Colbert,Anita Altman
Bob (rat),Bob
Dean Lipson,Ross
Leonard Greene,Ross
Pizza Guy,George Stephanopoulos
Ryan,Rachel
Carl (bully),Chandler
Leonard Greene,Stu
Amy Greene,Jill Greene
Emma Geller-Greene,Earl
Mark Robinson,Chloe
Allesandro,Emilio
Mr. Treeger,Chandler
Uncle Sal,Gloria Tribbiani
Tag Jones,Phoebe
Cassie,Erica Bing
Steve Cera,Ugly Naked Guy
Aunt Lisa,Jack Geller
Estelle Leonard,Russ
Frances,Phoebe Abbott
Jason,Vince
Judy Geller,Erica
Mr. Bunch,Susan Bunch
Grandma Geller,Chandler
Paul the Wine Guy,Joey
Michelle,Ross
Josh,Amanda (Ross' date)
Caitlin,Chandler
"David ""Tank"" Abbott",Pete Becker
Luisa Gianetti,Mr. Heckles
Chandler Buffay,Frank Buffay Sr.
Amanda (Monica And Chandler's wedding),Charles Bing
Will Colbert,Monica
Charles Bing,Eric
Mona,Joey
Alice Knight,Frank Jr. Jr.
Uncle Murray,Ross
Joshua Burgin,Jen
Mr. Waltham,Joshua Burgin
Joanne,George Stephanopoulos
Andrea Waltham,Stephen Waltham
Cousin Frannie,Cheryl
Tribbiani Sisters,Monica
Mozzarella,Phoebe
David,Rachel
Aunt Iris,Ross
Charlie Wheeler,David
Gloria Tribbiani,Rachel
Emma Geller-Greene,Jack Geller
Nonnie,Rachel
Mary-Therese Tribbiani,Joey Tribbiani Sr.
Parker,Monica
Danny,Chandler
Steve (Chandler's boss),Chandler
The Judge,Joey
Unnamed Season 7 Characters,Nurse
Erica,Shovelly Joe
Tony (Allesandro's employee),Tony
Al Zebooker,Mr. Simon
Julio (cat),Lily Buffay
Kyle,Whitney
Dana Keystone,Chandler
Emma Geller-Greene,Jill Greene
Jeffrey,Chandler
Cassie,Chandler
Aunt Liddy,Jack Geller
Phoebe's stepfather,Frank Buffay Sr.
Uncle Freddie,Monica
Sharon Majeski,Rachel
Nancy Oberblau,Ross
Althea,Judy Geller
Timothy Burke,Michael
Leslie,Leslie (casting director)
Clifford Burnett,Joey
Duncan,Mrs. Buffay (Frank Sr.'s second wife)
Ugly Naked Guy,Phoebe
Fun Bobby's grandfather,Monica
Nora Tyler Bing,Eric
Dana Keystone,Dan
Michelle,Jen
Nurse,Lydia
Jack Geller,Robert
Alice Knight,Frank Buffay Sr.
Emma Geller-Greene,Aunt Iris
Sandra Greene,Chloe
Dr. Gettleman's daughter,Chandler
Frank Buffay Jr.,Ross
Stryker Ramoray,Eric
Cathy,Robert
Steve (drug addict),Jack Geller
Ben Geller,Mrs. Bunch
Leslie,Phoebe
Steve (drug addict),Mark Robinson
Ned Morse,Joey
Frank Jr. Jr.,Phoebe Abbott
Andrea Waltham,Jack Geller
Dr. Oberman,Phoebe
Krista,Julie
Marcel,Phoebe
Mrs. Buffay (Frank Sr.'s second wife),Leslie
Aunt Lisa,Uncle Dan
Chip Matthews,Nancy
Dina,Mary-Therese Tribbiani
