CH_1,CH_2
Lydia,Roy
Charla Nichols,Sarah
Tag Jones,Ralph Lauren
Colleen,Phoebe
Chip Matthews,Rachel
Gary (neighbor),Gary
Roy Gublik,Monica
Michelle,Jen
Mary,Mike Hannigan
Mitzi,Ross
Emily Waltham,Janice Litman-Goralnik
Guru Saj,Joey
Jasmine,Ross
Mona,Ross
Tribbiani Sisters,Monica
Robert,Monica
Judy Geller,Joey
Jack Geller,Ross
Kathy,Phoebe
Maureen,Judy Geller
Althea,Aunt Phylis
Unnamed Season 7 Characters,Jeffrey
Duncan,Phoebe Abbott
Duncan,Frances
Bob (rat),Monica
Bobby Rush,Rachel
Cecilia Monroe,Joey
Eric,Ursula Buffay
Aunt Lillian,Judy Geller
Tag Jones,Rachel
Molly,Monica
Precious,Mike Hannigan
Fun Bobby,Fun Bobby's grandfather
Eric,Malcolm
Howard,Joey
Steve (Chandler's boss),Ben Geller
Mr. Burgin,Josh
Sarah Tuttle,Rachel
Althea's husband,Eric
George Stephanopoulos,Rachel
Nonna,Cookie
Barry Farber,Monica
Ben Geller,Erica Bing
The Chick and The Duck,Rachel
Uncle Sal,Joey
Fun Bobby,Monica
Judy Geller,Fake Monica
"Todd, the Hombre Man",Annabel
Aunt Iris,Monica
Erica,Monica
Nora Tyler Bing,Jack Geller
Mr. Wheeler,Joey
Dr. Baldharan,Ross
Chappy,Ross
Rhonda,Joey
Mary Ellen Jenkins,Mary
Amanda (Monica And Chandler's wedding),Rachel
Andrea Waltham,Rachel
Roy Gublik,Roy
Emma Geller-Greene,Monica
Sandra Greene,Barry Farber
Stryker Ramoray,Frances
The Dry Cleaner's Wife,Joey
Joshua Burgin's ex-wife,Josh
Frank Jr. Jr.,Chandler
Jasmine,Mr. Treeger
Caitlin,Phoebe
Aunt Sylvia,Uncle Freddie
Aurora,Rick
Precious,Phoebe
George Stephanopoulos,Robert
Gavin Mitchell,Ralph Lauren
Emily Waltham,Liam
Stuart,Eric
Dan,Don
Dr. Ledbetter,Chandler
"Roy ""Goodbody""",Rachel
Muriel,Ross
Cousin Frannie,Ross
Ross Zelner,Lauren
Charles Bing,Rachel
Nora Tyler Bing,Erica
Melanie,Rachel
Gary,Chandler
Sophie,Rachel
Jack Geller,Cookie
Kate Miller,Lauren
Max,Phoebe
Young Ethan,Monica
Mrs. Bunch,Susan Bunch
Gary (neighbor),Chandler
Eric,Phoebe
Gary,Monica
Charlie Wheeler,Julie
Julio (cat),Chandler
Mark Robinson,Robinson Twins
Rick Sanoven,Joey
Kiki,George Stephanopoulos
Robert,Gunther
Angela Delveccio,Monica
Timmy,Tom
Brenda,Chandler
Tom,Dan
Janine Lecroix,Monica
Emma Geller-Greene,Judy Geller
Ben Geller,Ross
Earl,Jason
Nancy (realtor),Chandler
Uncle Sal,Gloria Tribbiani
Mr. Rastatter,Michael
The Chick and The Duck,Chandler
Jill Greene,Joey
Tom,Ross
Aunt Marilyn,Monica
Pete Becker,Peter
"Roy ""Goodbody""",Danny
Sandra Greene,Joey
Terry,Terry (casting director)
Rick,Bill
Janice Litman-Goralnik,Monica
Sid Goralnik,Ross
Frank Buffay Jr.,Monica
Chi-Chi,Ross
Nick,Chandler
Isabella Rossellini,Gary
The Chick and The Duck,Earl
Mrs. Stevens,Stevens siblings' mother
Joshua Burgin's nephew,Josh
Ta-Taka-Ki-Kek,Rachel
Gina Tribbiani,Marie
Jarvis Oberblau,Ross
Mrs. Stevens,Stevens siblings' father
Michael,Mike Hannigan
Elizabeth Hornswoggle,Elizabeth Stevens
Aunt Cheryl,Eric
Russ,Lauren
Jarvis Oberblau,Nancy
The Chick and The Duck,Emily Waltham
Steve Cera,Joey
Mr. Treeger,Rachel
Tina,Mary
Schnoodle,Russell
Jeanine,Julio (poet)
Tribbiani Sisters,Michael
The Kids,Susan Bunch
Kash Ford,Joey
Tomas,Rachel
Frances,Albert
Muriel,Rachel
Isaac,Gunther
Emma Geller-Greene,Ida Greene
Frances,Ross
Ginger,Joey
Amanda Buffamonteezi,Jen
Dave,Monica
Cailin Praytor,Rachel
Janice Litman-Goralnik,Judy Geller
Donny Osmond,Don
Aunt Millie,Monica
The Kids,Chandler
Althea's husband,Jack Geller
Elizabeth Stevens,Stevens siblings' father
Ben Geller,Mrs. Bunch
Russ,Phoebe
Andrea Waltham,Jack Geller
Gavin Mitchell,Mr. Zelner
Alan Lewis,Alan
The Triplets,Mrs. Buffay (Frank Sr.'s second wife)
Dr. Oberman,Carol Willick
Joanne,George Stephanopoulos
Dick Clark,Monica
Dr. Ledbetter,Don
Paul Stevens,Stevens siblings' mother
Sarah,Monica
Dave,Dan
Krista,Rachel
Cheryl,Chandler
Judy Geller,Rachel
Will Colbert,Ross
Sandra Greene,Mona
George Stephanopoulos,Monica
The Chick and The Duck,Kathy
Carl (bully),Peter
Leonard Greene,Ross
Delia,Sandy
Timothy Burke,Michael
Aunt Lillian,Aunt Phylis
Tony (Allesandro's employee),Allesandro
Ta-Taka-Ki-Kek,Ross
Pete Becker,Rachel
Gloria Tribbiani,Mary-Therese Tribbiani
Jessica Lockhart,Rachel
David,Dan
Althea,Judy Geller
Gunther,Terry
Kip,Monica
Rob Donnen,Don
Nonnie,Rachel
Roger,Phoebe
Bitsy Hannigan,Mike Hannigan's ex-wife
Alan Lewis,Joey
Laura,Stu
Randall,Joey
Krista,Joey
Ms. Stevens,Paul Stevens
Unidentified Phoebe Buffay fan,Chandler
Russ,Bob
The Triplets,Monica
David,Rachel
Luisa Gianetti,Marcel
Nurse,Ross
David,The Zoo Employee
Richard Darnville,Paul Stevens
Josh,Rachel
Mary Ellen Jenkins,Mike Hannigan
Dr. Wiener,Joey
Elizabeth Stevens,Paul Stevens
Kathy,Rachel
Dean Lipson,Marcel
Sandra Greene,Carol Willick
The Handyman,Tim
Tribbiani Sisters,Phoebe
Unnamed Season 1 Characters,Fake Monica
Jeanine,Ross
Emily Waltham,Stephen Waltham
The Waiter,Rachel
Julie,Joey
Clifford Burnett,Joey
The Triplets,Don
Jill Greene,Rachel
Gloria Tribbiani,Brenda
Uncle Murray,Ben Geller
Nancy,Lauren
Kori Weston,Chandler
Nurse Sizemore,Chandler
Leslie,Phoebe
Erin,Phoebe
Aunt Lisa,Emma Geller-Greene
Richard Burke,Ross
Nervous male passenger,Ross
Nancy,Ralph Lauren
Dr. Ledbetter,Monica
Melanie,Joey
Schnoodle,Phoebe
Louis Posen,Chandler
Mike Hannigan's ex-wife,Theodore Hannigan
Mrs. Burgin,Rachel
Terry (casting director),Stryker Ramoray
Uncle Dan,Dan
Bob (Chandler's coworker),Rachel
Mrs. Burnett,Phoebe
Dina,Bob
The Dry Cleaner,Russ
Unnamed Season 7 Characters,Terry
Danny,Krista
Tina,Chandler
Gloria Tribbiani,Rachel
Marcel,Katie
Vince,Phoebe
Jason,Robert
Aunt Cheryl,Jack Geller
Tina,Joey
Charlie Wheeler,Mona
Dr. Franzblau,Rachel
Joanne,Maria
The Kids,Phoebe
Althea,Erica Bing
Alice Knight,Frank Buffay Sr.
Mr. Burgin,Mrs. Burgin
Amanda (Monica And Chandler's wedding),Chandler
Nurse Sizemore,Joey
Michelle,Rachel
Colleen,Ross
Ben Geller,Erica
Hillary,Monica
Chip Matthews,Nancy
Kim,Phoebe
Russell,Ross
Paul Stevens,Monica
Robinson Twins,Rachel
Male Guest,Bob
Mike Hannigan,Eric
Ursula Buffay,Monica
Amanda (Monica And Chandler's wedding),Monica
Leonard Greene,Chandler
Susan Bunch,Rachel
Julie,Lauren
Aunt Sylvia,Chandler
Emma Geller-Greene,Ross
Aunt Sylvia,Richard Burke
Jeanine,Monica
Carol Willick,Judy Geller
Emily Waltham,Emily Waltham's cousin
Paolo,Phoebe
Doug,Joey
The Interviewer,Joey
Cassie,Denise
Mr. Zelner,Ross
Molly,Emma Geller-Greene
Althea,Eric
Aunt Cheryl,Emma Geller-Greene
Mike Hannigan,Mike Hannigan's ex-wife
Unidentified Phoebe Buffay fan,Joey
Timmy,Amy Greene
Benjamin Hobart,Ross
Fun Bobby's grandfather,Monica
Gary Litman,Gary
Angela Delveccio,Kim
Barbara Burke,Timothy Burke
Bonnie,Chandler
Dean Lipson,The Zoo Employee
Frances,Frank Buffay Jr.
Unidentified Phoebe Buffay fan,Ursula Buffay
Kyle,Phoebe
Aurora,Chandler
Marcel,Ross
Brown Bird Troop Leader,Sarah Tuttle
Cassie,Ryan
Gina Tribbiani,Joey
Phoebe's stepfather,Frances
Dina,Joey
Dr. Oberman,Phoebe
Chick Jr. & Duck Jr.,Monica
The Housekeeper,Stephen Waltham
Mr. Zelner,Ralph Lauren
Joshua Burgin's ex-wife,Mrs. Burgin
Don,Rachel
Barbara Burke,Carol Willick
Erica,Eric
Dan,Rachel
Joanna,Sophie
Leslie,Leslie Buffay
Joshua Burgin's ex-wife,Joshua Burgin's nephew
Ben Geller,Chandler
Buddy Doyle,Danny
Chip Matthews,Dan
Dr. Long,Rachel
Russ,Chandler
Nancy Branson,Rachel
Barbara Burke,Michelle Burke
Carl (Rachel's date),Tommy
Joshua Burgin,Mrs. Burgin
Caitlin,Ross
Erica Bing,Rachel
The accountant,Monica
Alan Lewis,Ross
Bonnie,Ross
Hillary,Ross
Kyle,David
Amy Greene,Emma Geller-Greene
Pizza Guy,Rachel
Sandra Greene's father,Emma Geller-Greene
Bitsy Hannigan,Monica
Carol Willick,Monica
Danny,Joey
Marc Coreger,Julie
Marie,Tony (Allesandro's employee)
Fun Bobby,Bob
Buddy Doyle,Dan
Don,Joey
Amy Greene,Myron
Andrea Waltham,Judy Geller
Paolo,Julie
Mr. Heckles,Larry
Whitney,Ross
Mona,Phoebe
Mrs. Stevens,Paul Stevens
Mike Hannigan,Chandler
Amanda (Ross' date),Amanda (Monica And Chandler's wedding)
Nancy (Bloomingdale's Employee),Rachel
Aunt Lisa,Rachel
Kathy,Joey
Buddy Doyle,Rachel
Chandler Buffay,Frank Buffay Sr.
Hootie and the Blowfish,Steven Fisher
Leonard Hayes,Joey
Cookie,Mary-Angela
Joey Tribbiani Sr.,Tina
Ben Geller,Eric
Christmas tree customer,Rachel
Unnamed Season 7 Characters,Wayne
Jack Geller,Chandler
Nurse,Susan Bunch
Aunt Lisa,Dan
Dr. Baldharan,Fake Monica
Cousin Frannie,Stuart
Unnamed Season 7 Characters,Kim
Emily Waltham,Monica
Chloe,Chandler
Susan Bunch,Monica
Terry,Rachel
Isaac,Phoebe
Mrs. Buffay (Frank Sr.'s second wife),Leslie
Owen,Phoebe
Janice Litman-Goralnik,Phoebe
Andrew,Chandler
Dr. Robert Bobby,Robert
Uncle Sal,Joey Tribbiani Sr.
Bill,Chandler
Christmas tree customer,Phoebe
Dina,Mary-Angela
Frank Buffay Jr.,Leslie Buffay
Jack Geller,Phoebe
Pizza Guy,George Stephanopoulos
Aunt Sylvia,Ross
Kate Miller,Joey
Mary-Therese Tribbiani,Joey
Roger,Rachel
Dan,Phoebe
The next next Martin Scorsese,Joey
Bobby Rush,Barry Farber
Wayne,Ross
Cassie,Jack Geller
Althea,Ross
Joey Tribbiani Sr.,Joey
Ben Geller,Russ
Ashley Tribbiani,Gloria Tribbiani
Marcel,Chandler
Steve (drug addict),Chandler
Janice Litman-Goralnik,Jack Geller
Albert,Chandler
Jill Greene,Chandler
Krista,Julie
Althea's husband,Ross
Mike Hannigan,David
Richard Burke,Tom
Aunt Cheryl,Monica
Brenda,Monica
Dina,Mary-Therese Tribbiani
Carol Willick,Joey
The accountant,Rachel
Gina Tribbiani,Cookie
Dr. Ledbetter,Ross
Pete Becker,Chandler
Sandra Greene's father,Leonard Greene
Sandra Greene's father,Nick
Doug,Ross
Elizabeth Stevens,Ross
Tom,Rachel
Julio (cat),Joey
Nancy (Bloomingdale's Employee),Ross
Amanda (Ross' date),Tom
Leslie Buffay,Ursula Buffay
Uncle Sal,Tribbiani Sisters
Althea,Chandler
Mr. Zelner,Gavin
Danielle,Chandler
Sandy,Rachel
Cassie,Jen
Gina Tribbiani,Joey Tribbiani Sr.
Sandra Greene,Ross
The Judge,Ross
Amy Greene,Ida Greene
Cecilia Monroe,Jessica Lockhart
Uncle Dan,Monica
Mr. Douglas,Chandler
Althea's husband,Erica
Phoebe's stepfather,Ursula Buffay
Aunt Iris,Rachel
Aunt Millie,Eric
Aunt Cheryl,Ben Geller
Mr. Heckles,Mike Hannigan
Cathy,Katie
Danny,Ross
Amy Welsh,Rachel
Ms. McKenna,Chandler
Cousin Frannie,Monica
Janine Lecroix,Joey
Uncle Freddie,Monica
Guru Saj,The Chick and The Duck
Sonya,Alan
Mr. Zelner,Ross Zelner
Stephanie,Terry
Emily Waltham,Julie
Gavin,Susan Bunch
Nancy,Monica
Elizabeth Hornswoggle,Sarah
Andrea Waltham,Emily Waltham's cousin
Kim,Rachel
Tim (Season 3),Tomas
Mr. Treeger,Dan
Aunt Sylvia,Eric
Ashley Tribbiani,Joey Tribbiani Sr.
Will Colbert,Rachel
Gunther,Emma Geller-Greene
Jason,Ross
Bob (Chandler's coworker),Chandler
Steve Cera,Ugly Naked Guy
Eric (photographer),Chandler
Doug,Kara
Althea,Althea's husband
Mrs. Tedlock,Chandler
Sandra Greene,Phoebe
Joey Tribbiani Sr.,Cookie
Uncle Sal,Chandler
The next next Martin Scorsese,Ross
Cheryl,Mitzi
Nonnie,Michael
Cousin Frannie,Don
Young Ethan,Stu
Aunt Lisa,Judy Geller
Mary-Angela,Mary
Frank Jr. Jr.,Mrs. Buffay (Frank Sr.'s second wife)
Lily Buffay,Ursula Buffay
Chandler Buffay,Ursula Buffay
Sarah,Sarah Tuttle
Mary-Therese Tribbiani,Michael
Wayne,Joey
Don,Allesandro
Grandma Geller,Erica
Cassie,Ross
Frances,Mrs. Buffay (Frank Sr.'s second wife)
Emma Geller-Greene,Erica
Catherine,Jack Geller
Sarah,Allesandro
Devon,Emily Waltham
Dean Lipson,Ross
Tribbiani Sisters,Mary-Therese Tribbiani
Duncan,Silvia
Stu,Joey
Sarah,Terry
Amanda Buffamonteezi,Ross
Mike Hannigan's brother,Mike Hannigan's sister
Mike Hannigan's ex-wife,Mike Hannigan's sister
Jake,Joey
Andrea Waltham,Ross
Alan Lewis,Howard
Elizabeth Stevens,Joey
Nonna,Nonnie
Bill,Colleen
Dr. Gettleman,Ross
Charla Nichols,Rachel
Frank Buffay Sr.,Lily Buffay
Dina,Monica
Howard,Ross
Joanna,Rachel
Colleen,Owen
Walter,Chandler
Jake,Chandler
Roy Gublik,Michael
Maureen,Ross
Bob (rat),Bob
Mike Hannigan,Monica
Chandler Buffay,Mrs. Buffay (Frank Sr.'s second wife)
Stryker Ramoray,Joey
Nonna,Chandler
Mary,Phoebe
Tina,Mary-Angela
Stu,The Waiter
Ned Morse,Vince
Emma Geller-Greene,Chandler
Gunther,Josh
Precious,David
Stuart,Monica
Tony (Allesandro's employee),Tony
Richard Burke,Joey
Emily Waltham,Chandler
Mark Robinson,Mark Robinson's niece
Mary-Therese Tribbiani,Cookie
Nora Tyler Bing,Dennis Phillips
Cecilia Monroe,Monica
Paul Stevens,Joey
Sid Goralnik,Monica
Joey Tribbiani Sr.,Nonna
Joanne,Rachel
Mr. Waltham,Joanna
Don,Monica
Judy Geller,Phoebe
Earl,Lily Buffay
The Doctor,Monica
Cookie,Joey
Paul the Wine Guy,Rachel
George Stephanopoulos,Phoebe
Gina Tribbiani,Gloria Tribbiani
Jason,Vince
Cailin,Joey
Tomas,Phoebe
Doug,Phoebe
Ryan,Phoebe
Julie Coreger,Marc Coreger
Grandma Geller,Eric
Sarah Tuttle,Chandler
Aaron Goralnik,Sid Goralnik
Phoebe's stepfather,Frank Buffay Sr.
Kara,Monica
Russ,Ross
Mark Robinson,Chloe
Pizza Guy,Monica
Trudie Styler,Monica
Charlie Wheeler,Kate Miller
Mark Robinson,Nancy
Sandra Greene,Susan Bunch
Ralph Lauren,Lauren
Janine Lecroix,Chandler
Mr. Heckles,Chandler
Aunt Liddy,Judy Geller
Eddie Menuek,Michael
Mrs. Buffay (Frank Sr.'s second wife),Ursula Buffay
Maria,Dan
Jessica Ashley,Joey
Cousin Frannie,Carol Willick
Leonard Greene,Phoebe
Nancy (Bloomingdale's Employee),Nancy
Nancy,Kim
Jack Geller,Uncle Freddie
Steven Fisher,Monica
Mona,Bonnie
Nasforatool,Chandler
Barbara Burke,Richard Burke
The Zoo Employee,Dan
Caroline Duffy,Ross
Unnamed characters,Unnamed Season 1 Characters
Cailin,Caitlin
Emma Geller-Greene,Rachel
Erika Ford,Chandler
Mona,Monica
Gunther,Janice Litman-Goralnik
Steve (Chandler's boss),Chandler
Sandra Greene,Ugly Naked Guy
The Kids,Mike Hannigan
Ugly Naked Guy,Rachel
Lowell (mugger),Kyle
Duncan,Earl
Maureen,Chandler
Frank Buffay Jr.,Phoebe
The Chick and The Duck,Chick Jr. & Duck Jr.
Emma Geller-Greene,Gavin
Jen,Monica
Jean-Claude Van Damme,Phoebe
Jamie,Ben Geller
Dina,Cookie
Marcel,Rachel
Ida Greene,Phoebe
Judy Geller,Aunt Phylis
Phoebe Abbott,Chandler
Ryan,Ben Geller
Cookie,Mary
Emma Geller-Greene,Erica Bing
The Judge,Joey
Dave,Rachel
Ethan,Chandler
Marcel,Joey
Hootie and the Blowfish,Joey
Marc Coreger,Rachel
Isabella Rossellini,Joey
Ross Zelner,Ross
Ryan,Rachel
Sandy,Emma Geller-Greene
Steve (drug addict),Rachel
"Mike ""Gandalf"" Ganderson",Ross
Charlie Wheeler,Bill
Cheryl,Monica
Mrs. Buffay (Frank Sr.'s second wife),Lily Buffay
Leslie (casting director),Ross
Stuart,Erica Bing
Amanda (Ross' date),Ross
David,Joey
Parker,Jack Geller
Charlie Wheeler,Cecilia Monroe
Barbara Burke,Tim
Gavin Mitchell,Rachel
Emma Geller-Greene,Sandra Greene
Michael,Monica
Tim,Monica
Steven Fisher,Ross
Sally,Ross
Danielle,Dan
Althea's husband,Ben Geller
Aunt Iris,Chandler
Emily Waltham,Josh
Celia,Ross
Emma Geller-Greene,Aunt Marilyn
Jack Geller,Aunt Phylis
Charlie Wheeler,Kathy
Carl (Rachel's date),Ross
Katie (saleswoman),Katie
Ashley Tribbiani,Joey
Tony,Joey
Kip,Joey
Mark Robinson's niece,Chandler
Aunt Cheryl,Stuart
Caroline Duffy,Ben Geller
Chip Matthews,Nancy Branson
Cousin Frannie,Aunt Cheryl
Nurse,Joey
The Triplets,Chandler Buffay
Tommy,Phoebe
Unnamed Season 1 Characters,Nurse
Grandma Geller,Ross
Shelly,Chandler
Althea's husband,Aunt Phylis
Michelle,Monica
Emily Waltham's second husband,Stephen Waltham
Bill,Phoebe
Jack Geller,Rachel
Mike Hannigan,Joey
Alice Knight,Frank Buffay Jr.
Paula,Alan
Tag Jones,Lauren
Grandma Geller,Dan
Unnamed Season 7 Characters,Jason
Mike Hannigan,Ursula Buffay
Mozzarella,Joey
Gunther,Jack Geller
Stephen Waltham,Ben Geller
Jake,Monica
The Waiter,Ross
Chloe,Isaac
Cousin Frannie,Rachel
Mr. Waltham,Joshua Burgin
Paul Stevens,Stevens siblings' father
Cassie,Monica
Ida Greene,Sandra Greene
Mr. Adelman,Phoebe
Sophie,Ross
Mrs. K.,Sandra Greene
Gloria Tribbiani,Joey Tribbiani Sr.
Andrea Waltham,Emily Waltham
Charlton Heston,Lydia
Cousin Frannie,Emily Waltham
Bobby Corso,Monica
Steve (drug addict),Estelle Leonard
Earl,Phoebe
Tomas,Monica
Kathy,Monica
Cailin,Cailin Praytor
Shovelly Joe,Monica
Katie (saleswoman),Ross
Amanda (Ross' date),Joey
Trudie Styler,Ben Geller
Paul the Wine Guy,Monica
Bonnie,Monica
Melissa Warburton,Rachel
Ryan,Earl
Mackenzie,Chandler
Tina,Tribbiani Sisters
Cathy,Susie Moss
Trudie Styler,Phoebe
Gina Tribbiani,Chandler
Tim (Season 3),Rachel
Leonard Greene,Tony
Mike Hannigan,Ross
Elizabeth Stevens,Leonard Greene
Hootie and the Blowfish,Ross
Bonnie,Joey
The Kids,Ross
Tag Jones,Gavin
Anita Altman,Ross
Kathy,Nick
Leonard Greene,Sandra Greene
Steve (drug addict),Phoebe
Huggsy,Emma Geller-Greene
Krista,Monica
Rhonda,Peter
Jim Nelson,Phoebe
Elizabeth Stevens,Rachel
Carl (Rachel's date),Rachel
Joanna,Chandler
Althea's husband,Judy Geller
Aunt Millie,Emma Geller-Greene
Cassie,Eric
Mona,Elizabeth Stevens
Sonya,Joey
Mark Robinson,Mrs. Robinson
Leonard Greene,Joey
Mr. Wheeler,Rachel
Joshua Burgin,Joey
Jean-Claude Van Damme,Rachel
Cassie,Ben Geller
Frank Buffay Jr.,Rachel
Ugly Naked Guy,Phoebe
Rick (Aurora's husband),Andrew
Frances,Phoebe
Mary Ellen Jenkins,Jen
Nora Tyler Bing,Monica
Frank Jr. Jr.,Dan
Buddy Doyle,Monica
Amanda Buffamonteezi,Chandler
Judy Geller,Cookie
Franny,Paul the Wine Guy
Mr. Treeger,Mr. Heckles
Joan Tedeschi,Ross
Leslie Buffay,The Triplets
Anita Altman,Monica
Dina,Gloria Tribbiani
The Tanning Salon Guy,Ross
Cousin Frannie,Chandler
Malcolm,Phoebe
The Triplets,Rachel
Tony (Allesandro's employee),Monica
Nora Tyler Bing,Chandler
Dr. Gettleman's daughter,Rachel
Nancy,Chandler
Isabella Rossellini,Ross
Cousin Frannie,Emma Geller-Greene
Emilio,Tony
Josh,Monica
Althea,Aunt Lillian
Jasmine,Chloe
Carl (bully),Dan
Joey Tribbiani Sr.,Nonnie
Judy Geller,Erica
Megan Bailey,Rachel
Jen,Rachel
Jeffrey,Monica
Mary-Therese Tribbiani,Mary-Angela
Sid Goralnik,Rachel
Alice Knight,Frank Jr. Jr.
Frances,Mike Hannigan
Tilly,Chandler
Robert,Bob
Althea's husband,Monica
Timothy Burke,Timmy
Uncle Murray,Emily Waltham
Mrs. Buffay (Frank Sr.'s second wife),Phoebe
Erica Bing,Ross
Grandma Geller,Judy Geller
The Kids,Rachel
Terry,Joey
Amanda (Ross' date),Amanda Buffamonteezi
Dan,Monica
Molly,Joey
Josh,Amanda (Ross' date)
Amanda Buffamonteezi,Bob
Michelle Burke,Richard Burke
Chandler Buffay,Rachel
Julie,Phoebe
Unnamed Season 7 Characters,Nurse
Amy Greene,Jill Greene
Dr. Gettleman,Monica
Charla Nichols,Sarah Tuttle
Mrs Burkart,Phoebe
Gavin Mitchell,Monica
Sharon Majeski,Rachel
Ursula Buffay,Leslie
Tina,Dina
Tribbiani Sisters,Chandler
Alan,Monica
Gunther,Chandler
Ta-Taka-Ki-Kek,Will Colbert
Melissa Warburton,Phoebe
Barbara Burke,Ross
Kate Miller,Katie
Marshall Townend,Kate Miller
Emily Waltham,Phoebe
Bitsy Hannigan,Mike Hannigan's brother
Aunt Liddy,Emma Geller-Greene
Kate Miller,Jen
Bobby Corso,Joey
Dr. Wiener,Rachel
Uncle Murray,Chandler
Amanda (Ross' date),Tommy
Gary Litman,Janice Litman-Goralnik
Jade,Ross
Sidney Marks,Joey
Dr. Roger,Monica
Rick Sanoven,Monica
Fun Bobby,Chandler
Erica Bing,Charles Bing
Kristen Leigh,Marcel
Dana Keystone,Joey
Gina Tribbiani,Nonnie
Russ,Tom
Uncle Dan,Rachel
Barry Farber,Joey
Erica,Rachel
Kara,Joey
Nina Bookbinder,Chandler
Melissa Warburton,Joey
Timmy,Tommy
The Triplets,Frank Buffay Jr.
Amanda (Ross' date),Monica
Tim (Season 3),Joey
Jill Greene,Sandra Greene
Emma Geller-Greene,Carol Willick
Grandma Geller,Monica
Amanda Buffamonteezi,Phoebe
Emily Waltham,Jack Geller
Ned Morse,Ross
Frank Jr. Jr.,Leslie Buffay
Erica Bing,Eric
Carlos,Emilio
Mr. Heckles,Eric (photographer)
Franny,Monica
Uncle Murray,Eric
Nina Bookbinder,Jen
Mrs Adelman,Susan Bunch
Gina Tribbiani,Tribbiani Sisters
Jack Geller,Robert
Chandler Buffay,Phoebe
Hayley,Joey
Aunt Lillian,Eric
Mike Hannigan,Stu
Joey Tribbiani Sr.,Robert
Mary-Therese Tribbiani,Gina Tribbiani
Ginger,Chandler
Cassie,Phoebe
Emily Waltham's second husband,Mr. Waltham
Carol Willick,Susan Bunch
Mr. Waltham,Joey
Aunt Lisa,Ben Geller
Emily Waltham's cousin,Stephen Waltham
Amy Greene,Rachel
The Chick and The Duck,Ross
Hayley,Gunther
Don,Phoebe
Gary Litman,Chandler
Benjamin Hobart,Charlie Wheeler
Frank Buffay Jr.,Frank Buffay Sr.
Mr. Heckles,Paolo's cat
Charlie Wheeler,Albert
Jessica Ashley,Rachel
Julie Graff,Chandler
Aunt Lisa,Uncle Dan
Erin,Joey
The Kids,The Triplets
Alan,Chandler
Frances,Joey
Mike Hannigan,Chandler Buffay
Mona,Emma Geller-Greene
Charlie Wheeler,Angela Delveccio
Gavin Mitchell,Lauren
Paolo,Rachel
Ida Greene,Rachel
Emma Geller-Greene,David
Mrs. K.,Rachel
Isabella Rossellini,Earl
Missy Goldberg,Stu
Mr. Zelner,Rachel
Sandra Greene,Chloe
Kim,Joanna
Muriel,Emma Geller-Greene
Cailin,Rachel
Julie,Tom
Dr. Franzblau,Carol Willick
Estelle Leonard,Rachel
Stevens siblings' father,Stevens siblings' mother
Lily Buffay,Mike Hannigan
Sandra Greene's father,Rachel
Bobby Corso,Tribbiani Sisters
Ursula Buffay,Chandler
Stephanie,Phoebe
Charlie Wheeler,Joey
Elizabeth Hornswoggle,Peter
Phoebe Abbott,Ursula Buffay
Tina,Michael
Mike Hannigan's sister,Theodore Hannigan
The next next Martin Scorsese,Monica
Tribbiani Sisters,Mary
Paul Stevens,Ross
Chandler Buffay,Frank Buffay Jr.
Mark Robinson,Joanna
Wendy,Chandler
Stephen Waltham,Ross
Chappy,Phoebe
Clifford Burnett,Rachel
Cousin Frannie,Stu
Ned Morse,Joey
Ursula Buffay,Jamie
Julie Coreger,Julie
Luisa Gianetti,Rachel
Mary Ellen Jenkins,Joey
Erica Bing,Judy Geller
Unnamed Season 7 Characters,Sarah
Carlos,Tony (Allesandro's employee)
Julio (poet),Phoebe
Ben Geller,Rachel
Precious,Joey
Mike Hannigan,Silvia
Paolo's cat,Rachel
Stuart,Chandler
Janine Lecroix,Ross
Leslie (casting director),Leslie Buffay
Dr. Harad,Arthur
Joshua Burgin,Chandler
Joshua Burgin,Joshua Burgin's ex-wife
Bonnie,Rachel
Jeanine,Wendy
Leslie Buffay,Phoebe Abbott
Nonna,Mary
Aaron Goralnik,Rachel
Gunther,Rachel
Ralph Lauren,Rachel
The Triplets,Leslie
Alan,Rachel
Carol Willick,Mrs. Bunch
Mrs. Braverman,Chandler
Parker,Chandler
Paul the Wine Guy,Phoebe
Tag Jones,Mr. Zelner
Julie Graff,Julie
Aunt Cheryl,Rachel
Sandra Greene,Monica
Elizabeth Stevens,Ms. Stevens
Dr. Baldharan,Monica
Mr. Simon,Rick
Dr. Robert Bobby,Bob
Arthur,Chandler
Charles Bing,Eric
Unnamed Season 7 Characters,Roger
Emily Waltham's second husband,Ross
Russ,David
Dr. Schiff,Rachel
Maria,Ross
Mackenzie,Joey
Mr. Waltham,Ross
Aurora,Ethan
Charla Nichols,Stu
Janice Litman-Goralnik,Chandler
The Chick and The Duck,Monica
Bobby Rush,Bob
Gunther,Dave
Uncle Murray,Carol Willick
Isaac,Rachel
Elizabeth Hornswoggle,Ross
Angela Delveccio,Bob
Amanda (Ross' date),Chandler
Michelle Burke,Michelle
Mr. Bunch,Joey
Gary Litman,Mr. Heckles
Molly,Ross
The Housekeeper,Rachel
Mozzarella,Rachel
Stu,Allesandro
Tom,Danny
Maureen,Monica
Owen,Chandler
Amanda (Ross' date),Laura
Bob (rat),Mike Hannigan
The Kids,Eric
Dr. Roger,Chandler
Mike Hannigan,Rachel
Chloe,Rachel
Carol Willick,Earl
Marshall Townend,Marsha
Charles Bing,Jack Geller
Cathy,Jean-Claude Van Damme
Laura,Chandler
Tommy,Joey
Ugly Naked Guy,Monica
Terry,Max
Margha,Chandler
Gavin Mitchell,Emma Geller-Greene
Carl (actor),Joey
Marcel,Monica
Julie,Ross
Ida Greene,Nick
Joshua Burgin,Joshua Burgin's nephew
Mike Hannigan,Phoebe
Jeffrey,Chandler
Charlton Heston,Joey
Marsha,Ross
Timothy Burke,Monica
Michelle Burke,Timothy Burke
Mike Hannigan,Leslie
Cailin Praytor,Caitlin
The Dry Cleaner,Phoebe
Bob (rat),Phoebe
Russ,Rachel
Mona,Allesandro
Tag Jones,Phoebe
Nina Bookbinder,Doug
Emma Geller-Greene,Jill Greene
Tom,Doug
Ginger,Phoebe
Ben Geller,Jack Geller
Charlie Wheeler,Monica
Pete Becker,Ross
Mary-Therese Tribbiani,Mary
Megan Bailey,Jen
Gavin,Rachel
Dr. Harad,Phoebe
Luisa Gianetti,Phoebe
Ginger,Tim
Ben Geller,Stu
Mrs. Braverman,Monica
Parker,Monica
Al Zebooker,Estelle Leonard
Sandra Greene,Rachel
Sophie,Laura
The Judge,Rachel
Gina Tribbiani,Nonna
Mr. Kaplan Jr.,Chandler
Joanne,Joanna
Isaac,Chandler
Aunt Millie,Erica
Anita Altman,Ta-Taka-Ki-Kek
Isabella Rossellini,Catherine
Ross Zelner,Ralph Lauren
Ben Geller,Judy Geller
Emily Waltham,Mr. Waltham
Paul Stevens,Charles Bing
Stuart,Jack Geller
The Kids,Michael
Charlie Wheeler,Ross
Pete Becker,Monica
The Triplets,Phoebe
Bob,Joey
Ben Geller,Susan Bunch
Gloria Tribbiani,Nonnie
Bobby Corso,Dina
Amy Welsh,Chip Matthews
Nonnie,Monica
Elizabeth Stevens,Stevens siblings' mother
Owen,Russ
Anita Altman,Chandler
Kate Miller,Dina
Huggsy,Chandler
Marie,Monica
Frank Jr. Jr.,Rachel
Sarah,Molly
Phoebe Abbott,Joey
The Triplets,Ursula Buffay
Tommy,Monica
Mr. Heckles,Eric
Chandler Buffay,Ross
Janice Litman-Goralnik,Mr. Heckles
Mr. Burgin,Chandler
Jill Greene,Leonard Greene
Marjorie,Chandler
Nancy,Rachel
Aunt Iris,Phoebe
Nervous male passenger,Rachel
Steve (drug addict),Leonard Greene
Will Colbert,Chandler
Ross Zelner,Rachel
George Stephanopoulos,Bill
Stephen Waltham,Judy Geller
Timmy,Monica
Frances,Ursula Buffay
Isaac,Jasmine
Brown Bird Troop Leader,Sarah
Jen,Ross
Danny,Monica
Paul the Wine Guy,Chandler
Wendy,Monica
Cousin Frannie,Ben Geller
Emilio,Monica
Stryker Ramoray,Eric
Stuart,Rachel
Marshall Townend,Joey
Peter,Chandler
Mike Hannigan's brother,Phoebe
Aunt Lillian,Monica
Tomas,Joey
Joshua Burgin's nephew,Rachel
Mackenzie,Monica
The Kids,Emma Geller-Greene
Unnamed Season 1 Characters,Monica
The accountant,Phoebe
Huggsy,Ross
Erica,Joey
Ben Geller,Monica
Colleen,Chandler
Angela Delveccio,Chandler
Unnamed Season 7 Characters,Michelle
Charlie Wheeler,Stu
Restaurant Manger/Producer,Joey
Robert,Ross
Aunt Iris,Judy Geller
Mr. Heckles,Joey
Erin,Rachel
Eddie Menuek,Joey
Paul the Wine Guy,Joey
Joshua Burgin's ex-wife,Mr. Burgin
Cousin Frannie,Erica
Russell,Rachel
Mr. Douglas,Doug
Mona,Carol Willick
Emma Geller-Greene,Eric
Mrs. Stevens,Ms. Stevens
Jamie,Carol Willick
Colleen,Monica
"David ""Tank"" Abbott",Monica
Sarah Tuttle,Joey
Ursula Buffay,Phoebe
Julie Graff,Monica
The Housekeeper,Phoebe
Lydia,Joey
Steve (Chandler's boss),Rachel
Ethan,Rick
Gene Lester,Joey
Erica Bing,Nora Tyler Bing
Owen,Monica
Rick,Joey
Frank Jr. Jr.,Ross
Caitlin,Monica
Minnie,Susan Bunch
Aunt Cheryl,Cheryl
Carl (actor),Tony
Cousin Frannie,Jack Geller
Paul Stevens,Chandler
Mr. Treeger,Chandler
Nonna,Gloria Tribbiani
Isaac,Joey
Gloria Tribbiani,Tina
Richard Burke,Timothy Burke
Dennis Phillips,Monica
"Mike ""Gandalf"" Ganderson",Ben Geller
Ursula Buffay,Rachel
David,Monica
Ben Geller,Minnie
Ugly Naked Guy,Chandler
Alice Knight,Ursula Buffay
Frank Buffay Sr.,Ursula Buffay
Mrs. Robinson,Rachel
Frank Buffay Sr.,Phoebe Abbott
Tim (Season 3),Pete Becker
Jake,Rachel
Bob (Chandler's coworker),Bob
Gunther,Phoebe
Stuart,Ross
Cathy,Robert
Mischa,Rachel
Duncan,Ursula Buffay
Bill,Owen
Julie,Monica
Andrea Waltham,Emily Waltham's second husband
The Kids,Carol Willick
Unidentified Phoebe Buffay fan,Larry
Mr. Treeger,Ross
Melanie,Monica
Erica Bing,Phoebe
Robert,Rachel
Grandma Geller,Ben Geller
Chick Jr. & Duck Jr.,Chandler
Catherine,Judy Geller
Grandma Geller,Joey
Carlos,Tony
Ben Geller,Don
Ethan,Monica
Unnamed Season 7 Characters,Rachel
Denise,Phoebe
Krista,Dan
Guru Saj,Don
Muriel,Amy Greene
Amy Greene,Chandler
Terry (casting director),Michael
Mr. Wheeler,Ross
Nurse Sizemore,Ross
Mr. Kaplan Jr.,Rachel
Frank Buffay Jr.,Ross
Mrs. Buffay (Frank Sr.'s second wife),Chandler
Unnamed Season 7 Characters,Peter
Charlie Wheeler,Ursula Buffay
Emma Geller-Greene,Jack Geller
Paul Stevens,Leonard Greene
Estelle Leonard,Phoebe
Steven Fisher,Chandler
Dr. Roger,Joey
Aunt Millie,Cousin Frannie
Mary-Therese Tribbiani,Joey Tribbiani Sr.
Mrs. Braverman,Rachel
Parker,Rachel
Steve Cera,Ross
Andrew,Rick
Tilly,Mary
Carol Willick,Rachel
Eric,Monica
"David ""Tank"" Abbott",Pete Becker
Amy Greene,Leonard Greene
Carol Willick,Minnie
Celia,Marcel
Gary,Phoebe
Stephen Waltham,Rachel
Richard Burke,Tim
Fake Monica,Monica
Gloria Tribbiani,Tribbiani Sisters
Dr. Gettleman's daughter,Ross
Aunt Lillian,Erica
Jessica Lockhart,Dina
Janice Litman-Goralnik,Joey
Eric (photographer),Joey
Cailin,Ross
Aunt Sylvia,Aunt Iris
Tomas,Tom
Elizabeth Hornswoggle,Chandler
Felicity,Ross
Donny Osmond,Mary
Mr. Adelman,Joey
Joshua Burgin,Don
Althea,Ben Geller
Leslie Buffay,Lily Buffay
Frank Jr. Jr.,Leslie
Phoebe Abbott,Rachel
Dina,Nonnie
Mrs. Braverman,Joey
Unnamed Season 7 Characters,The Waiter
Marc Coreger,Ross
Marcel,Fake Monica
Mona,Chandler
Phoebe's stepfather,Lily Buffay
Nurse,Ben Geller
Timmy,Rachel
Charles Bing,Monica
Nancy (realtor),Phoebe
Muriel,Jill Greene
Kiki,Rachel
Elizabeth Stevens,Stu
The accountant,Ross
Frank Jr. Jr.,Frank Buffay Sr.
Mr. Douglas,Joey
Steve (drug addict),Richard Burke
Nancy,Nancy (realtor)
Mr. Simon,Phoebe
Charlie Wheeler,Phoebe
Frank Buffay Sr.,Bob
Mr. Bunch,Mrs. Bunch
Nurse Sizemore,Nurse
Gavin,Carol Willick
Dina,Mary
Althea,Joey
Annabel,Joey
Jean-Claude Van Damme,Joey
Laura,Maria
Mary-Therese Tribbiani,Tina
The Housekeeper,Ross
Wendy,Joey
The Kids,Monica
Leslie (casting director),Monica
Dr. Robert Bobby,Rachel
Roy Gublik,Rachel
Uncle Freddie,Ross
Stuart,Cheryl
Althea,Monica
Mr. Heckles,Rachel
Kyle,Whitney
Denise,Chandler
Nasforatool,Doug
Carol Willick,Chandler
Timothy Burke,Tim
Duncan,Mary
Althea,Emma Geller-Greene
Ursula Buffay,Joey
Tommy,Tom
Richard Burke,Monica
Nonnie,Tribbiani Sisters
Gloria Tribbiani,Mary-Angela
Robert,Phoebe
Allesandro,Emilio
Aunt Lisa,Jack Geller
Mr. Bunch,Susan Bunch
Kristen Leigh,Joey
Caitlin,Chandler
Leonard Greene,Stu
Frank Buffay Jr.,Chandler
Mitzi,Nurse Sizemore
Nora Tyler Bing,Rachel
Larry,Ross
Mr. Heckles,Marcel
Precious,Rachel
Althea's husband,Erica Bing
Bitsy Hannigan,Mike Hannigan's sister
Frances,Chandler
Duncan,Lily Buffay
Charlie Wheeler,Mr. Wheeler
Nancy Oberblau,Nancy
Mark Robinson's niece,Mrs. Robinson
Mary-Therese Tribbiani,Chandler
Carlos,Marie
Katie,Rachel
Tommy,Ross
Mona,Joey
Dr. Gettleman's daughter,Chandler
Mary,Lily Buffay
Leonard Greene,Monica
Pete Becker,Phoebe
Arthur,Ross
Aunt Sylvia,Jack Geller
Katie (saleswoman),Rachel
Michelle,Ross
Julie,Rachel
Megan Bailey,Chandler
Will Colbert,Monica
Mike Hannigan,Phoebe Abbott
Chloe,Joey
Frank Buffay Sr.,Chandler
Alice Knight,Chandler
Nurse,Estelle Leonard
Chandler Buffay,Phoebe Abbott
Lily Buffay,Phoebe Abbott
Jack Geller,Joey
Richard Burke,Judy Geller
Stevens siblings' father,Chandler
Frank Buffay Jr.,Mrs. Buffay (Frank Sr.'s second wife)
Mr. Waltham,Stephen Waltham
Isabella Rossellini,Monica
Eric,Eric (photographer)
Joshua Burgin,Emily Waltham
Richard Darnville,Rachel
Kathy,Chandler
The Doctor,Eric
Aunt Lillian,Erica Bing
Nurse Sizemore,George Stephanopoulos
Missy Goldberg,Ross
"Todd, the Hombre Man",Joey
Mrs. Burnett,Joey
Leslie (casting director),Joey
Lily Buffay,Monica
Nonnie,Caitlin
Don,Chandler
Joan Tedeschi,Monica
Erica Bing,Chandler
Sandra Greene's father,Jill Greene
Mitzi,Nurse
Paula,Jen
Frank Buffay Sr.,Duncan
Sergei,Ross
Alan Lewis,Kyle
Charlie Wheeler,Elizabeth Stevens
Grandma Geller,Emma Geller-Greene
Terry (casting director),Joey
The Triplets,Alice Knight
The Triplets,Frank Buffay Sr.
Wayne,Andrew
Ida Greene,Leonard Greene
Tim (Season 3),Chandler
Fun Bobby,Russ
Leslie Buffay,Rachel
Mark Robinson,Ross
Tim,Timmy
Mark Robinson's niece,Robinson Twins
Nurse,Carol Willick
Kara,Chandler
Ben Geller,Joey
Uncle Murray,Rachel
Chick Jr. & Duck Jr.,Joey
Denise,Ross
Aunt Millie,Ben Geller
Susan Bunch,Phoebe
Uncle Sal,Ben Geller
Alice Knight,Chandler Buffay
Dana Keystone,Chandler
Malcolm,Ursula Buffay
Dina,Chandler
Hootie and the Blowfish,Rachel
Aunt Lillian,Jack Geller
Mr. Treeger,Phoebe
Unnamed Season 7 Characters,Doug
Dan,Nurse
Anita Altman,Rachel
Leslie Buffay,Phoebe
Cassie,Emma Geller-Greene
Frank Jr. Jr.,Ursula Buffay
Cailin,Laura
Mark Robinson,Lauren
Cassie,Erica Bing
Unidentified Phoebe Buffay fan,Phoebe
Rick Sanoven,Dan
Clifford Burnett,Mrs. Burnett
Maureen,Jack Geller
Mr. Burgin,Rachel
Chandler,Chandler Buffay
Tribbiani Sisters,Joey
Emily Waltham,Kip
Aunt Lisa,Ross
Aunt Sylvia,Ben Geller
Leonard Greene,Rachel
Aunt Lillian,Don
Buddy Doyle,Mr. Heckles
Chandler Buffay,Leslie
Ugly Naked Guy,Joey
Sandra Greene,Sandra Greene's father
Phoebe Abbott,Monica
Leonard Greene,Mona
Cookie,Phoebe
The Thief,Joey
Leonard Greene,Cookie
Ned Morse,Stu
Amy Greene,Phoebe
Silvia,Ursula Buffay
Tim (Season 3),Phoebe
Jill Greene,Monica
Mrs. Burnett,Rachel
The Triplets,Chandler
Ryan,Monica
Janine Lecroix,Phoebe
Sergei,Monica
Tomas,Bill
Michelle,Eric
Dick Clark,Ross
Jack Geller,Judy Geller
Robert,Chandler
Gunther,Monica
Gary (neighbor),Monica
Joshua Burgin's ex-wife,Rachel
Unnamed Season 7 Characters,Monica
Brown Bird Troop Leader,Ross
Dina,Tribbiani Sisters
Chip Matthews,Ross
George Stephanopoulos,Chandler
Tabitha,Phoebe
Mike Hannigan,Kara
Mrs. Buffay (Frank Sr.'s second wife),Schnoodle
Mary-Angela,Joey
Mr. Zelner,Lauren
Dr. Wiener,Ross
Emily Waltham,Judy Geller
Julio (poet),Monica
Andrew,Aurora
Leslie Buffay,Ross
Mark Robinson,Rachel
Andrea Waltham,Jen
Devon,Ross
Emma Geller-Greene,Earl
Carlos,Allesandro
Tag Jones,Chandler
Denise,Rachel
Emma Geller-Greene,Aunt Iris
Mischa,Ross
Danny,Dan
Shovelly Joe,Eric
Chloe,Ross
Erica,Chandler
Aunt Lisa,Monica
Chandler Buffay,Frank Jr. Jr.
Phoebe's stepfather,Joey
Duncan,Phoebe
Sarah,Joey
Michael,Ross
David,Don
Peter,Joey
Bruce Buffer,Michael
Alan Lewis,Ned Morse
Estelle Leonard,Monica
Terry (casting director),Rachel
Gina Tribbiani,Tina
Jack Geller,Monica
Mike Hannigan's sister,Phoebe
Steve (drug addict),Doug
Frances,Frank Buffay Sr.
Aunt Lillian,Ross
Gunther,Judy Geller
Emma Geller-Greene,Stu
Charles Bing,Chandler
Gloria Tribbiani,Mary
Jason,Phoebe
Alice Knight,Rachel
Erica,Shovelly Joe
Estelle Leonard,Joey
Kate Miller,Rachel
Jill Goodacre,Chandler
Sandy,Ross
Amy Greene,Jen
Marjorie,Joey
Tabitha,Joey
Gunther,Michael
Emily Waltham,Earl
Ben Geller,Carol Willick
Huggsy,Joey
Estelle Leonard,Russ
Marcel,The Zoo Employee
Unnamed Season 1 Characters,David
Tim,Allesandro
The Triplets,Frank Jr. Jr.
Stuart,Ben Geller
Emma Geller-Greene,Leonard Greene
Carlos,Monica
Aunt Lisa,Eric
Melissa Warburton,Monica
Brown Bird Troop Leader,Rachel
Alice Knight,Leslie
Charlie Wheeler,Professor Spafford
Frank Buffay Sr.,Leslie
Nancy (realtor),Rachel
Julio (cat),Phoebe
Carl (Rachel's date),Tom
Marcel,Phoebe
Frank Buffay Jr.,Leslie
Minnie,Ross
Tim,Rachel
Mary Ellen Jenkins,Phoebe
Allesandro,Monica
Unnamed Season 7 Characters,Chandler
Charla Nichols,Ross
Aunt Marilyn,Chandler
Charlton Heston,Marie
"Roy ""Goodbody""",Roy Gublik
Cousin Frannie,Judy Geller
The Handyman,Rachel
Charlie Wheeler,Rachel
Gary Litman,Monica
Paolo,Ross
Mischa,Sergei
Parker,Ross
Josh,Joshua Burgin
Bill,Ross
The Kids,Erica
Carl (Rachel's date),Monica
Bitsy Hannigan,Ross
Carol Willick,Ross
Tim (Season 3),Tom
Ms. Stevens,Stevens siblings' mother
Aunt Iris,Tony
Gloria Tribbiani,Cookie
Kash Ford,Rachel
Joanne,Leslie
Leslie Buffay,Chandler
Shelly,Nancy
Michelle Burke,Tim
Leslie Buffay,Joey
Dr. Baldharan,Marcel
Delia,Rachel
Andrea Waltham,Mr. Waltham
Benjamin Hobart,Marie
Felicity,Rachel
Kip,Chandler
Phoebe Abbott,Phoebe
Joey Tribbiani Sr.,Tribbiani Sisters
Amy Greene,Ross
Tony,Chandler
Nick,Rachel
Stuart,Emma Geller-Greene
Cheryl,Ross
Ronni Rapalono,Joey
Mona's boyfriend,Ross
Frances,Phoebe Abbott
Charlie Wheeler,Carol Willick
Aunt Iris,Joey
Felicity,Joey
Margha,Joey
Aunt Cheryl,Stu
The Housekeeper,Emily Waltham
Amanda (Monica And Chandler's wedding),Charles Bing
Aunt Liddy,Monica
Marie,Allesandro
Donny Osmond,Joey
Aunt Cheryl,Erica
Gunther,Jen
Tommy,Chandler
Rick Sanoven,Phoebe
Laura,Joey
Cailin,Tommy
David,Dr. Baldharan
Unnamed Season 7 Characters,Joey
Frank Jr. Jr.,Phoebe Abbott
David,Chandler
Julie Coreger,Rachel
Althea,Jack Geller
Dennis Phillips,Chandler
Mr. Douglas,Nina Bookbinder
Steve (drug addict),Stu
Janice Litman-Goralnik,Gary
Erin,Ross
Frank Buffay Jr.,Phoebe Abbott
Isabella Rossellini,Chandler
Alan,Ross
Molly,Phoebe
Rick Sanoven,Rick
Sandra Greene,Chandler
Estelle Leonard,Ross
Sandy,Joey
The Housekeeper,Andrea Waltham
Mrs Adelman,Carol Willick
Mischa,Phoebe
The Chick and The Duck,Joey
Nancy (Bloomingdale's Employee),Hillary
Mike Hannigan,Mrs. Buffay (Frank Sr.'s second wife)
Dr. Franzblau,Ben Geller
Tim (Season 3),Monica
Jill Greene,Phoebe
Aunt Sylvia,Erica
Nonna,Tina
Cailin Praytor,Ross
Timothy Burke,Michelle
Dr. Schiff,Ross
Sarah Tuttle,Stu
Cousin Frannie,Erica Bing
Jessica Lockhart,Celia
Mona,Emily Waltham
Sergei,Phoebe
Gavin,Gavin Mitchell
Ben Geller,Emily Waltham
Rick Sanoven,Chandler
Erika Ford,Joey
Uncle Murray,Monica
Janice Litman-Goralnik,Ross
Dina,Nonna
Gloria Tribbiani,Joey
Mike Hannigan,Mike Hannigan's sister
Stuart,Judy Geller
David,Phoebe
Cailin,Tom
Aunt Marilyn,Ross
Dina,Joey Tribbiani Sr.
Steve (Chandler's boss),Monica
Kristen Leigh,Ross
Kara,Ross
Nurse,Lydia
Phoebe's stepfather,Chandler
Carl (bully),Chandler
Mrs. Robinson,Ross
Myron,Rachel
Stuart,Stu
Emilio,Tony (Allesandro's employee)
Frances,Lily Buffay
Stuart,Erica
Gunther,Ross
Fun Bobby's grandfather,Bob
Ralph Lauren,Ross
Tommy,Rachel
Emily Waltham,Ross
Jade,Bob
Mark Robinson's niece,Rachel
Tony,Phoebe
Arthur,Carl (bully)
Lowell (mugger),Ross
Molly,Tabitha
Ryan,Ross
Aunt Cheryl,Erica Bing
Cecilia Monroe,Dina
Frank Jr. Jr.,Joey
Mary-Angela,Chandler
Steve (drug addict),Ross
Cousin Frannie,Cheryl
Kyle Lowder,Joey
Cathy,Joey
Paul Stevens,Phoebe
Paula,Monica
Erica,Phoebe
Bob,Monica
Erica,Erica Bing
Al Zebooker,Dan
Terry,Phoebe
Aunt Lisa,Erica
Mr. Heckles,Paolo
Jamie,Ross
Mike Hannigan's brother,Theodore Hannigan
Unnamed Season 1 Characters,Rachel
Cecilia Monroe,Rachel
Robert,Joey
Gunther,Jasmine
Louis Posen,Monica
Missy Goldberg,Chandler
Ida Greene,Jill Greene
Julio (cat),Lily Buffay
"Roy ""Goodbody""",Monica
Mike Hannigan,Leslie Buffay
Mrs Burkart,Monica
Ugly Naked Guy,Ross
Emilio,Marie
Mr. Treeger,Michael
Gavin,Ross
Nonna,Tribbiani Sisters
Rhonda,Ross
Kim,Ross
Charlie Wheeler,Emily Waltham
Dina,Michael
Mark Robinson,Phoebe
Alan,Joey
Emily Waltham,Joey
Richard Burke,Chandler
Erica Bing,Jack Geller
Uncle Dan,Ross
Charles Bing,Erica
Isabella Rossellini,Paul Stevens
Judy Geller,Monica
Aunt Sylvia,Judy Geller
Jen,Joey
Gary Litman,Joey
Lily Buffay,Phoebe
Frank Jr. Jr.,Phoebe
Nonna,Joey
Judy Geller,Chandler
Vince,Ross
Jack Geller,Richard Burke
Eddie Menuek,Tilly
Guru Saj,Chandler
Sandra Greene,Kip
Frank Buffay Jr.,Ursula Buffay
Emma Geller-Greene,Phoebe
Restaurant Manger/Producer,Monica
Erika Ford,Ross
Barry Farber,Rachel
Amanda Buffamonteezi,Monica
Denise,Monica
The Handyman,Joey
Jarvis Oberblau,Nancy Oberblau
Mike Hannigan,Theodore Hannigan
Chappy,Mike Hannigan
Nervous male passenger,Phoebe
Ben Geller,Michael
Stevens siblings' mother,Ross
Jack Geller,Eric
Megan Bailey,Phoebe
Emily Waltham's cousin,Mr. Waltham
Steve (drug addict),Sandra Greene
Susie Moss,Robert
Mike Hannigan,Mike Hannigan's brother
Josh,Joey
Unnamed Season 1 Characters,George Stephanopoulos
Carl (bully),Ross
Amy Greene,Erin
Tim (Season 3),Bill
Grandma Geller,Rachel
Rick (Aurora's husband),Ethan
Dr. Roger,Roger
Gary Litman,Ross
Dina,Gina Tribbiani
Colin,Emily Waltham
Mr. Treeger,Monica
Huggsy,Rachel
Kate Miller,Monica
Hootie and the Blowfish,Phoebe
Caroline Duffy,Joey
Chandler Buffay,Lily Buffay
Aunt Sylvia,Monica
Erica Bing,Joey
Joanna,Ralph Lauren
Jasmine,Phoebe
Mike Hannigan's brother,Mike Hannigan's ex-wife
Joshua Burgin,Ross
Phoebe's stepfather,Phoebe
Mischa,Monica
Fun Bobby,Vince
Marc Coreger,Tim
Luisa Gianetti,Monica
Nonnie,Joey
Cassie,Chandler
Larry,Phoebe
Timothy Burke,Chandler
Young Ethan,Aurora
Tim,Phoebe
Richard Burke,Phoebe
Kim,Lauren
Tomas,Pete Becker
Rhonda,Phoebe
Alice Knight,Mike Hannigan
Frank Buffay Sr.,Mike Hannigan
Ursula Buffay,Gunther
Andrea Waltham,Stephen Waltham
Sonya,Monica
Dr. Baldharan,Joey
Amy Greene,Monica
Mitzi,Rachel
Steve Cera,Howard
Frank Buffay Sr.,Joey
Nancy (realtor),Monica
Chi-Chi,Monica
Gunther,Joey
Aunt Phylis,Monica
Mona,Julie
Alice Knight,Mrs. Buffay (Frank Sr.'s second wife)
Frank Buffay Sr.,Mrs. Buffay (Frank Sr.'s second wife)
Sarah,Max
Steve (Chandler's boss),Ross
Grandma Geller,Erica Bing
The Dry Cleaner,The Dry Cleaner's Wife
Steve (drug addict),The Chick and The Duck
Melissa Warburton,Ross
Paolo's cat,Paolo
Eric,Chandler
Bitsy Hannigan,Theodore Hannigan
Jill Greene,Jen
Unnamed Season 7 Characters,Stephanie
Al Zebooker,Joey
Doug,Monica
Aunt Millie,Erica Bing
Lauren,Joey
Steve (drug addict),Judy Geller
Lauren,Jen
Mrs. Stevens,Ross
Cassie,Judy Geller
Arthur,Nick
Dana Keystone,Monica
Frank Buffay Jr.,Frank Jr. Jr.
Joshua Burgin,Jen
Mark Robinson,Gunther
Mark Robinson,Ralph Lauren
The Doctor,Erica
Krista,Lauren
Paul Stevens,Rachel
Charlie Wheeler,Don
Alice Knight,Phoebe
Frank Buffay Sr.,Phoebe
Ben Geller,Emma Geller-Greene
Janice Litman-Goralnik,Aaron Goralnik
Mary,Ursula Buffay
Rick Sanoven,Jason
Sandra Greene's father,Amy Greene
Jake,Phoebe
Judy Geller,Ross
Jessica Lockhart,Monica
Frank Buffay Jr.,Joey
Sally,Dr. Gettleman
The Waiter,Joey
Ethan,Young Ethan
Theodore Hannigan,Monica
Mona,Rachel
Cassie,Erica
Joshua Burgin's nephew,Mrs. Burgin
Charles Bing,Earl
Emily Waltham's cousin,Emily Waltham's second husband
Nancy Branson,Nancy
Joey Tribbiani Sr.,Mary
Mary-Therese Tribbiani,Walter
Lowell (mugger),Phoebe
"Roy ""Goodbody""",Roy
Carol Willick,Mr. Bunch
Althea,Erica
Kip,Ross
Pete Becker,Joey
Elizabeth Stevens,Mrs. Stevens
Isabella Rossellini,Alice Knight
Ben Geller,Mr. Bunch
Jean-Claude Van Damme,Ross
Chandler Buffay,Leslie Buffay
Marc Coreger,Mark Robinson
Sid Goralnik,Chandler
Nora Tyler Bing,Joey
Aunt Lillian,Ben Geller
Ms. Stevens,Stevens siblings' father
Amanda (Ross' date),Phoebe
Sarah Tuttle,Ross
Chip Matthews,Monica
Russ,Monica
Dana Keystone,Stu
The Kids,Erica Bing
Aunt Phylis,Ross
Charles Bing,Nora Tyler Bing
Ginger,Monica
Amanda Buffamonteezi,Joey
Eric (photographer),Ursula Buffay
Steve (drug addict),Monica
Nonna,Mary-Therese Tribbiani
Sergei,Rachel
Josh,Ross
Barbara Burke,Rachel
Clifford Burnett,Phoebe
Joshua Burgin's nephew,Mr. Burgin
Max,Wayne
Rick (Aurora's husband),Chandler
Rick (Aurora's husband),Rick
Alan,Phoebe
Delia,Ross
Lizzy,Phoebe
Amanda (Monica And Chandler's wedding),Ross
Ursula Buffay,Ross
Mr. Adelman,Mrs Adelman
Mr. Waltham,Josh
Sonya,Chandler
Stephen Waltham,Tom
Schnoodle,Russ
Uncle Murray,Erica
Althea,Rachel
Frank Buffay Jr.,Mike Hannigan
Mr. Heckles,Monica
Ursula Buffay,Cookie
Jill Greene,Ross
Isaac,Ross
Russell,Russ
Sidney Marks,Ugly Naked Guy
Molly,Rachel
Dave,Ross
Richard Burke,Rachel
Jean-Claude Van Damme,Marcel
Duncan,Mrs. Buffay (Frank Sr.'s second wife)
Steve (drug addict),Mark Robinson
Dan,Chandler
Ben Geller,Phoebe
Susie Moss,Chandler
Amy Greene,Barry Farber
Kash Ford,Ross
Marsha,Carol Willick
Julie Coreger,Ross
Charles Bing,Ross
Nonna,Mary-Angela
Aunt Cheryl,Althea
Dr. Gettleman,Dr. Gettleman's daughter
Aunt Lillian,Emma Geller-Greene
Marie,Tony
Ashley Tribbiani,Tribbiani Sisters
Gavin Mitchell,Ross
Joey Tribbiani Sr.,Jen
"Roy ""Goodbody""",Dan
Andrew,Ethan
Nurse Sizemore,Mary
Phoebe Abbott,Ross
Timmy,Phoebe
Steven Fisher,Rachel
Nancy Oberblau,Ross
Unnamed Season 7 Characters,Ross
Kip,Rachel
Cassie,Aunt Marilyn
Amy Welsh,Monica
Carol Willick,Jack Geller
Danny,Chandler
Gina Tribbiani,Michael
Dr. Harad,The Triplets
Parker,Jen
Roy,Joey
Aunt Iris,Ross
Carl (bully),Gunther
Grandma Geller,Jack Geller
Amy Greene,Joey
Mozzarella,Wendy
Professor Spafford,Ross
The Dry Cleaner,Joey
Aunt Iris,Jack Geller
Cassie,Rachel
"David ""Tank"" Abbott",David
Grandma Geller,Chandler
Malcolm,David
Judy Geller,Sandra Greene
Unnamed Season 1 Characters,Estelle Leonard
Tina,Nonnie
Christmas tree customer,Joey
Mrs. Robinson,Robinson Twins
Glenda,Ross
Bitsy Hannigan,Phoebe
Carol Willick,Phoebe
Gary,Rachel
Aunt Millie,Ross
Julio (cat),Ross
Parker,Phoebe
The Dry Cleaner's Wife,Russ
Julie,Russ
Barbara Burke,Monica
Tribbiani Sisters,Rachel
Uncle Sal,Ross
Ms. Stevens,Ross
Barbara Burke,Michelle
Mr. Rastatter,Monica
Al Zebooker,Mr. Simon
Bobby Rush,Robert
Mary-Angela,Tribbiani Sisters
Mrs Adelman,Phoebe
Katie,Joey
Judy Geller,Eric
Stephen Waltham,Jack Geller
Joanna,Lauren
Chick Jr. & Duck Jr.,Phoebe
Doug,Chandler
"Mike ""Gandalf"" Ganderson",Chandler
Gina Tribbiani,Mary-Angela
Nora Tyler Bing,Ross
"Roy ""Goodbody""",Phoebe
Mark Robinson,Sophie
Michael,Rachel
Kori Weston,Ross
Janine Lecroix,Kate Miller
Emily Waltham,Emily Waltham's second husband
Janice Litman-Goralnik,Rachel
Richard Burke,Michelle
Erica Bing,Monica
The Zoo Employee,Ross
Dr. Ledbetter,Michael
Leslie,Leslie (casting director)
Peter,Tony
Kim,Ralph Lauren
Mr. Treeger,Joey
Mark Robinson,Nancy (Bloomingdale's Employee)
Mrs. Burgin,Josh
Bitsy Hannigan,Mike Hannigan
Caitlin,Rachel
Erica,Jack Geller
Gary,Michael
Parker,David
Precious,Monica
Jean-Claude Van Damme,Monica
The Kids,Ben Geller
Marshall Townend,Roger
Charlie Wheeler,David
Jessica Lockhart,Joey
Dina,Rachel
Hootie and the Blowfish,Chandler
Colin,Ross
Emily Waltham,Rachel
Russ,Barry Farber
David,Max
Maria,Chandler
Lowell (mugger),Chandler
Hootie and the Blowfish,Monica
Laura,Monica
Kyle Lowder,Kyle
The Chick and The Duck,Phoebe
Frances,Monica
Luisa Gianetti,Mr. Heckles
Stu,Monica
Mozzarella,Phoebe
Amy Greene,Sandra Greene
Unnamed Season 7 Characters,Michael
Dr. Gettleman's daughter,Monica
Mike Hannigan,Gunther
Owen,Ross
Emily Waltham's cousin,Ross
Eddie Menuek,Chandler
Alice Knight,Leslie Buffay
Frank Buffay Sr.,Leslie Buffay
Unnamed Season 1 Characters,Joey
Michelle Burke,Monica
Leslie Buffay,Mrs. Buffay (Frank Sr.'s second wife)
Ugly Naked Guy,Dan
Janice Litman-Goralnik,Sid Goralnik
Joshua Burgin,Mr. Burgin
Megan Bailey,Monica
Melanie,Chandler
Cookie,Tribbiani Sisters
Julio (poet),Carlos
Angela Delveccio,Joey
Althea's husband,Aunt Lillian
Mike Hannigan,Erica
Judy Geller,Uncle Freddie
Joey Tribbiani Sr.,Ronni Rapalono
Joanne,Kiki
Joey Tribbiani Sr.,Mary-Angela
Mr. Heckles,Phoebe
Aunt Cheryl,Ross
The Triplets,Ross
Jade,Chandler
Russell,Joey
Uncle Murray,Erica Bing
Jessica Lockhart,Ross
Tomas,Chandler
Steve (drug addict),Jack Geller
Nonnie,Ross
The Doctor,Chandler
Jamie,Susan Bunch
Janine Lecroix,Dan
Jasmine,Rachel
Silvia,Phoebe
Bonnie,Phoebe
Tomas,Tim
Dr. Harad,Ross
Luisa Gianetti,Ross
Dana Keystone,Dan
Will Colbert,Jen
Mark Robinson,Chandler
Theodore Hannigan,Ross
Cathy,Kathy
Paolo's cat,Ross
Guru Saj,Ross
Krista,Chandler
Rick,Phoebe
Gary Litman,Rachel
Mark Robinson,Monica
Will Colbert,Anita Altman
Aunt Cheryl,Chandler
Tag Jones,Ross
Dr. Baldharan,Chandler
Tag Jones,Gavin Mitchell
Dana Keystone,Ross
Ginger,Kathy
Pete Becker,Julio (poet)
Emily Waltham,Emma Geller-Greene
Aaron Goralnik,Ross
Michelle,Chandler
Tim (Season 3),Tim
Cookie,Chandler
Paolo,Monica
Nora Tyler Bing,Eric
Aunt Iris,Randall
Caroline Duffy,Chandler
Rob Donnen,Phoebe
Bobby Corso,Bob
Estelle Leonard,Ben Geller
Aunt Liddy,Ross
Susan Bunch,Ross
Cheryl,Joey
Parker,Judy Geller
Tina,Cookie
Mona,Mona's boyfriend
Felicity,Emily Waltham
Cousin Frannie,Eric
Emma Geller-Greene,Joey
Mr. Waltham,Rachel
Danny,Rachel
Gina Tribbiani,Mary
Aunt Liddy,Jack Geller
Gunther,Emily Waltham
Guru Saj,Phoebe
Carol Willick,Emily Waltham
Unnamed Season 7 Characters,Robert
Bill,Monica
Uncle Murray,Ross
Theodore Hannigan,Phoebe
Joshua Burgin,Rachel
Duncan,Frank Buffay Jr.
Ben Geller,Cookie
Julie Graff,Ross
Shovelly Joe,Chandler
The Kids,Joey
Rick (Aurora's husband),Aurora
